path,url,title,h1,char_count,under_5000,broken_link_count,broken_links,dna_complete,dna_missing,duplicate_candidates,final_status,priority
articles/ai-side-hustles-beginner.html,https://savingio.com/articles/ai-side-hustles-beginner.html,"초보자를 위한 AI 부업 시작 방법, 첫 수익까지 현실적인 순서 | Savingio","초보자를 위한 AI 부업 시작 방법, 첫 수익까지 현실적인 순서",7074,False,3,"[""/articles/car-insurance-low-mileage-discount.html"", ""/articles/fuel-saving-driving-habits.html"", ""/categories/side-income.html""]",True,[],[],깨진 링크,P0
articles/air-conditioner-electricity-saving.html,https://savingio.com/articles/air-conditioner-electricity-saving.html,"에어컨 전기요금 줄이는 방법, 우리 집에 맞는 냉방 순서 | Savingio","에어컨 전기요금 줄이는 방법, 우리 집에 맞는 냉방 순서",6780,False,2,"[""/articles/car-insurance-low-mileage-discount.html"", ""/articles/fuel-saving-driving-habits.html""]",False,"[""목차""]",[],깨진 링크,P0
articles/aircon-dry-mode-electricity.html,https://savingio.com/articles/aircon-dry-mode-electricity.html,"에어컨 제습모드 전기요금, 냉방보다 정말 덜 나올까? | Savingio","에어컨 제습모드 전기요금, 냉방보다 정말 덜 나올까?",4717,True,0,[],True,[],[],5천자 미달,P2
articles/aircon-filter-cleaning-savings.html,https://savingio.com/articles/aircon-filter-cleaning-savings.html,"에어컨 필터 청소로 전기요금 줄이는 방법, 냉방이 약할 때 확인 순서 | Savingio","에어컨 필터 청소로 전기요금 줄이는 방법, 냉방이 약할 때 확인 순서",7657,False,2,"[""/articles/car-insurance-low-mileage-discount.html"", ""/articles/fuel-saving-driving-habits.html""]",False,"[""목차""]",[],깨진 링크,P0
articles/aircon-optimal-temperature-savings.html,https://savingio.com/articles/aircon-optimal-temperature-savings.html,에어컨 적정 온도는 몇 도일까? 전기요금과 쾌적함을 함께 잡는 설정 순서 | Savingio,에어컨 적정 온도는 몇 도일까? 전기요금과 쾌적함을 함께 잡는 설정 순서,4211,True,0,[],True,[],[],5천자 미달,P2
articles/apartment-leak-emergency-response.html,https://savingio.com/articles/apartment-leak-emergency-response.html,"아랫집 누수 연락을 받았을 때, 윗집이 바로 할 일 | 세이빙이오","아랫집 누수 연락을 받았을 때, 윗집이 바로 할 일",6699,False,4,"[""/articles/home-insurance-coverage-check.html"", ""/articles/insurance-claim-documents.html"", ""/articles/tenant-landlord-repair-responsibility.html"", ""/categories/housing-maintenance.html""]",True,[],[],깨진 링크,P0
articles/apartment-management-fee-summer.html,https://savingio.com/articles/apartment-management-fee-summer.html,아파트 관리비가 갑자기 많이 나왔을 때 확인할 항목과 줄이는 방법 | Savingio,아파트 관리비가 갑자기 많이 나왔을 때 확인할 항목과 줄이는 방법,5983,False,0,[],False,"[""목차""]",[],정상,P3
articles/automatic-payment-saving.html,https://savingio.com/articles/automatic-payment-saving.html,"자동이체·자동결제 정리하는 방법, 매달 새는 고정비 찾기 | Savingio","자동이체·자동결제 정리하는 방법, 매달 새는 고정비 찾기",6466,False,1,"[""/articles/bank-fees-to-avoid.html""]",False,"[""30초""]",[],깨진 링크,P0
articles/bank-account-budgeting.html,https://savingio.com/articles/bank-account-budgeting.html,"통장 나누기로 예산 관리하기, 월급날부터 자동으로 돈을 나누는 방법 | Savingio","통장 나누기로 예산 관리하기, 월급날부터 자동으로 돈을 나누는 방법",6979,False,1,"[""/articles/bank-fees-to-avoid.html""]",False,"[""목차""]",[],깨진 링크,P0
articles/bank-fee-saving.html,https://savingio.com/articles/bank-fee-saving.html,"은행 수수료 아끼는 방법, 이체·ATM·환전 비용을 줄이는 확인 순서 | Savingio","은행 수수료 아끼는 방법, 이체·ATM·환전 비용을 줄이는 확인 순서",5118,False,1,"[""/articles/bank-fees-to-avoid.html""]",False,"[""목차""]",[],깨진 링크,P0
articles/basic-livelihood-discounts.html,https://savingio.com/articles/basic-livelihood-discounts.html,"기초생활수급자 생활요금 감면 신청 방법, 전기·가스·통신 할인 확인 | Savingio","기초생활수급자 생활요금 감면 신청 방법, 전기·가스·통신 할인 확인",4580,True,1,"[""/articles/basic-livelihood-benefit-check.html""]",True,[],[],5천자 미달 / 깨진 링크,P0
articles/basic-pension-application-guide.html,https://savingio.com/articles/basic-pension-application-guide.html,"기초연금 신청 방법, 만 65세 준비서류·소득인정액·지급 확인 | Savingio","기초연금 신청 방법, 만 65세 준비서류·소득인정액·지급 확인",7896,False,2,"[""/articles/basic-pension-eligibility.html"", ""/articles/national-pension-guide.html""]",True,[],[],깨진 링크,P0
articles/beginner-budget-plan.html,https://savingio.com/articles/beginner-budget-plan.html,"초보자를 위한 예산 계획, 월급이 어디로 사라지는지 찾는 순서 | Savingio","초보자를 위한 예산 계획, 월급이 어디로 사라지는지 찾는 순서",5987,False,0,[],True,[],[],완료,DONE
articles/beginner-money-management.html,https://savingio.com/articles/beginner-money-management.html,"처음 시작하는 돈 관리 방법, 월급을 지키는 순서 | Savingio","처음 시작하는 돈 관리 방법, 월급을 지키는 순서",5292,False,0,[],True,[],[],완료,DONE
articles/benefit-scam-warning-2026.html,https://savingio.com/articles/benefit-scam-warning-2026.html,"지원금 문자 사기 구별 방법, 링크 누르기 전 확인할 7가지 | Savingio","지원금 문자 사기 구별 방법, 링크 누르기 전 확인할 7가지",9284,False,0,[],False,"[""목차""]","[{""path"": ""articles/government-benefits-warning.html"", ""score"": 0.7282}]",중복 의심,P1
articles/budget-app-guide.html,https://savingio.com/articles/budget-app-guide.html,"가계부 앱 고르는 방법, 자동연동보다 중요한 기준 | Savingio","가계부 앱 고르는 방법, 자동연동보다 중요한 기준",6076,False,1,"[""/calculators/monthly-budget.html""]",True,[],[],깨진 링크,P0
articles/building-land-property-tax.html,https://savingio.com/articles/building-land-property-tax.html,"건축물 재산세와 토지 재산세 차이, 고지서 두 장이 왔을 때 확인 순서 | Savingio","건축물 재산세와 토지 재산세 차이, 고지서 두 장이 왔을 때 확인 순서",4677,True,0,[],True,[],[],5천자 미달,P2
articles/business-card-hometax-registration.html,https://savingio.com/articles/business-card-hometax-registration.html,"사업용 신용카드 홈택스 등록 방법, 등록 뒤 매입내역까지 확인하는 순서 | Savingio","사업용 신용카드 홈택스 등록 방법, 등록 뒤 매입내역까지 확인하는 순서",5183,False,0,[],True,[],[],완료,DONE
articles/business-closure-vat-order.html,https://savingio.com/articles/business-closure-vat-order.html,"사업자 폐업신고와 부가세 신고 순서, 폐업일 전후로 놓치기 쉬운 절차 | Savingio","사업자 폐업신고와 부가세 신고 순서, 폐업일 전후로 놓치기 쉬운 절차",4697,True,0,[],True,[],[],5천자 미달,P2
articles/business-phone-expense-deduction.html,https://savingio.com/articles/business-phone-expense-deduction.html,"사업자 통신비 비용처리 기준, 휴대전화 요금과 단말기 증빙 정리 | Savingio","사업자 통신비 비용처리 기준, 휴대전화 요금과 단말기 증빙 정리",3710,True,0,[],True,[],[],5천자 미달,P2
articles/business-vehicle-expense-basics.html,https://savingio.com/articles/business-vehicle-expense-basics.html,"사업용 차량 비용처리, 증빙부터 운행기록부까지 확인하는 순서 | Savingio","사업용 차량 비용처리, 증빙부터 운행기록부까지 확인하는 순서",5920,False,1,"[""/articles/bank-fees-to-avoid.html""]",True,[],[],깨진 링크,P0
articles/cancel-unused-subscriptions.html,https://savingio.com/articles/cancel-unused-subscriptions.html,"안 쓰는 구독서비스 해지하는 방법, 무료체험부터 자동결제까지 | Savingio","안 쓰는 구독서비스 해지하는 방법, 무료체험부터 자동결제까지",6958,False,1,"[""/articles/bank-fees-to-avoid.html""]",False,"[""30초""]",[],깨진 링크,P0
articles/car-aircon-fuel-saving.html,https://savingio.com/articles/car-aircon-fuel-saving.html,"여름철 자동차 에어컨 연비 절약법, 차 안을 빨리 식히는 순서 | Savingio","여름철 자동차 에어컨 연비 절약법, 차 안을 빨리 식히는 순서",7212,False,4,"[""/articles/bank-fees-to-avoid.html"", ""/articles/car-insurance-low-mileage-discount.html"", ""/articles/car-tire-pressure-fuel-efficiency.html"", ""/articles/fuel-saving-driving-habits.html""]",False,"[""목차""]",[],깨진 링크,P0
articles/car-insurance-child-discount.html,https://savingio.com/articles/car-insurance-child-discount.html,"자동차보험 자녀할인 특약, 태아·연령·증빙·중도변경 확인 가이드 | Savingio","자동차보험 자녀할인 특약, 태아·연령·증빙·중도변경 확인 가이드",6392,False,0,[],True,[],[],완료,DONE
articles/car-insurance-mileage-refund.html,https://savingio.com/articles/car-insurance-mileage-refund.html,"자동차보험 마일리지 특약 환급, 사진 등록·주행거리·정산 확인 가이드 | Savingio","자동차보험 마일리지 특약 환급, 사진 등록·주행거리·정산 확인 가이드",7145,False,0,[],True,[],[],완료,DONE
articles/car-insurance-overpayment-refund.html,https://savingio.com/articles/car-insurance-overpayment-refund.html,"자동차보험료를 더 냈을 때, 과납보험료 확인부터 환급까지 | Savingio","자동차보험료를 더 냈을 때, 과납보험료 확인부터 환급까지",7379,False,0,[],True,[],[],완료,DONE
articles/car-insurance-saving.html,https://savingio.com/articles/car-insurance-saving.html,"자동차보험료 절약, 갱신 전에 비교할 운전자 범위·특약·담보 최종 가이드 | Savingio","자동차보험료 절약, 갱신 전에 비교할 운전자 범위·특약·담보 최종 가이드",4684,True,0,[],True,[],[],5천자 미달,P2
articles/car-tax-annual-payment.html,https://savingio.com/articles/car-tax-annual-payment.html,"2026 자동차세 연납, 신청 시기·5% 공제·환급 확인 가이드 | Savingio","2026 자동차세 연납, 신청 시기·5% 공제·환급 확인 가이드",4462,True,0,[],True,[],[],5천자 미달,P2
articles/car-tax-check-payment-guide.html,https://savingio.com/articles/car-tax-check-payment-guide.html,"자동차세 조회·납부, 고지서 없이 체납·환급까지 확인하는 가이드 | Savingio","자동차세 조회·납부, 고지서 없이 체납·환급까지 확인하는 가이드",4557,True,0,[],True,[],[],5천자 미달,P2
articles/card-points-cashback-guide.html,https://savingio.com/articles/card-points-cashback-guide.html,"카드 포인트와 캐시백 활용법, 혜택보다 먼저 확인할 것 | Savingio","카드 포인트와 캐시백 활용법, 혜택보다 먼저 확인할 것",3322,True,0,[],False,"[""목차""]",[],5천자 미달,P2
articles/cash-advance-vs-card-loan.html,https://savingio.com/articles/cash-advance-vs-card-loan.html,"현금서비스와 카드론 차이, 급하게 돈이 필요할 때 먼저 확인할 것 | Savingio","현금서비스와 카드론 차이, 급하게 돈이 필요할 때 먼저 확인할 것",3472,True,1,"[""/articles/credit-score-management.html""]",False,"[""목차""]",[],5천자 미달 / 깨진 링크,P0
articles/cash-out-card-points.html,https://savingio.com/articles/cash-out-card-points.html,"카드 포인트 현금화 방법, 흩어진 포인트를 계좌로 받는 순서 | Savingio","카드 포인트 현금화 방법, 흩어진 포인트를 계좌로 받는 순서",5555,False,2,"[""/articles/credit-card-annual-fee-check.html"", ""/articles/dormant-account-find.html""]",True,[],[],깨진 링크,P0
articles/cashback-apps-guide.html,https://savingio.com/articles/cashback-apps-guide.html,"캐시백 앱 활용 가이드, 적립보다 먼저 확인할 것 | Savingio","캐시백 앱 활용 가이드, 적립 금액보다 먼저 확인할 것",7263,False,0,[],False,"[""목차""]",[],정상,P3
articles/check-hidden-refunds.html,https://savingio.com/articles/check-hidden-refunds.html,미수령 환급금 조회 방법 | Savingio,미수령 환급금 조회 방법,8394,False,3,"[""/articles/health-insurance-overpayment-refund.html"", ""/articles/hidden-money-search.html"", ""/categories/refund-insurance.html""]",False,"[""목차""]",[],깨진 링크,P0
articles/child-allowance-guide.html,https://savingio.com/articles/child-allowance-guide.html,"아동수당 신청 방법, 지급이 누락되지 않게 확인하는 체크리스트 | Savingio","아동수당 신청 방법, 지급이 누락되지 않게 확인하는 체크리스트",4709,True,5,"[""/articles/bank-fees-to-avoid.html"", ""/categories/banking.html"", ""/categories/communication.html"", ""/categories/insurance.html"", ""/categories/utility-bills.html""]",False,"[""목차""]",[],5천자 미달 / 깨진 링크,P0
articles/child-tax-credit-status-check.html,https://savingio.com/articles/child-tax-credit-status-check.html,"자녀장려금 심사결과 확인 방법, 지급액과 감액 사유 보는 순서 | Savingio","자녀장려금 심사결과 확인 방법, 지급액과 감액 사유 보는 순서",6173,False,4,"[""/articles/grocery-bill-savings.html"", ""/articles/phone-bill-saving.html"", ""/calculators/annual-income.html"", ""/categories/government-benefits.html""]",False,"[""목차""]",[],깨진 링크,P0
articles/childcare-service-government-support.html,https://savingio.com/articles/childcare-service-government-support.html,"아이돌봄서비스 정부지원 신청 방법, 자격 판정부터 이용까지 | Savingio","아이돌봄서비스 정부지원 신청 방법, 자격 판정부터 이용까지",6142,False,6,"[""/articles/grocery-bill-savings.html"", ""/calculators/childcare-cost.html"", ""/calculators/monthly-budget.html"", ""/categories/benefits.html"", ""/categories/education-childcare.html"", ""/categories/household.html""]",False,"[""목차""]",[],깨진 링크,P0
articles/cma-account-types-risk.html,https://savingio.com/articles/cma-account-types-risk.html,CMA 통장 종류와 원금손실 가능성 | Savingio,CMA 통장 종류와 원금손실 가능성,7542,False,4,"[""/articles/bank-deposit-protection-limit.html"", ""/articles/bank-fees-to-avoid.html"", ""/articles/financial-product-comparison-guide.html"", ""/articles/high-interest-savings-account.html""]",False,"[""목차""]",[],깨진 링크,P0
articles/credit-card-billing-cycle-guide.html,https://savingio.com/articles/credit-card-billing-cycle-guide.html,신용카드 결제일별 이용기간 확인법 | Savingio,신용카드 결제일별 이용기간 확인법,6874,False,3,"[""/articles/bank-fees-to-avoid.html"", ""/articles/credit-card-annual-fee-refund.html"", ""/articles/credit-card-interest-free-installment-guide.html""]",False,"[""목차""]",[],깨진 링크,P0
articles/credit-score-habits.html,https://savingio.com/articles/credit-score-habits.html,"신용점수를 지키는 생활 습관, 연체 없이 관리하는 현실적인 방법 | Savingio","신용점수를 지키는 생활 습관, 연체 없이 관리하는 현실적인 방법",5674,False,4,"[""/articles/card-payment-date-guide.html"", ""/articles/credit-card-limit-management.html"", ""/articles/credit-information-check.html"", ""/articles/debt-repayment-order.html""]",False,"[""목차""]",[],깨진 링크,P0
articles/culture-nuri-card-balance.html,https://savingio.com/articles/culture-nuri-card-balance.html,"문화누리카드 잔액 조회와 사용처 확인, 남은 금액까지 쓰는 방법 | Savingio","문화누리카드 잔액 조회와 사용처 확인, 남은 금액까지 쓰는 방법",8417,False,1,"[""/categories/welfare-benefits.html""]",True,[],[],깨진 링크,P0
articles/daily-liability-leak-insurance.html,https://savingio.com/articles/daily-liability-leak-insurance.html,"일배책 누수 보험 처리, 아랫집 피해 접수부터 합의까지 | Savingio","일배책 누수 보험 처리, 아랫집 피해 접수부터 합의까지",8632,False,2,"[""/articles/home-fire-insurance-guide.html"", ""/categories/insurance.html""]",True,[],[],깨진 링크,P0
articles/debit-card-vs-credit-card.html,https://savingio.com/articles/debit-card-vs-credit-card.html,체크카드와 신용카드 비교 | Savingio,체크카드와 신용카드 비교,7296,False,1,"[""/articles/credit-score-management.html""]",False,"[""목차""]",[],깨진 링크,P0
articles/dehumidifier-electricity-saving.html,https://savingio.com/articles/dehumidifier-electricity-saving.html,제습기 전기요금 계산과 절약법 | Savingio,제습기 전기요금 계산과 절약법,5557,False,1,"[""/articles/standby-power-saving.html""]",False,"[""목차""]",[],깨진 링크,P0
articles/deposit-protection-limit-guide.html,https://savingio.com/articles/deposit-protection-limit-guide.html,예금자보호제도 총정리 | Savingio,예금자보호제도 총정리,7356,False,2,"[""/articles/bank-fees-to-avoid.html"", ""/articles/credit-score-management.html""]",False,"[""목차""]",[],깨진 링크,P0
articles/deposit-return-guarantee-checklist.html,https://savingio.com/articles/deposit-return-guarantee-checklist.html,전세보증금 반환보증 가입 전 체크리스트 | Savingio,전세보증금 반환보증 가입 전 체크리스트,7759,False,0,[],False,"[""목차""]",[],정상,P3
articles/dormant-deposit-insurance-search.html,https://savingio.com/articles/dormant-deposit-insurance-search.html,휴면예금과 휴면보험금 찾는 방법 | Savingio,휴면예금과 휴면보험금 찾는 방법,8078,False,0,[],True,[],[],완료,DONE
articles/dryer-summer-electricity-saving.html,https://savingio.com/articles/dryer-summer-electricity-saving.html,건조기 여름 전기세 절약 방법 | Savingio,건조기 여름 전기세 절약 방법,6436,False,0,[],True,[],[],완료,DONE
articles/duplicate-indemnity-insurance-check.html,https://savingio.com/articles/duplicate-indemnity-insurance-check.html,실손보험 중복가입 확인부터 개인·단체실손 정리까지 최종 가이드 | Savingio,실손보험 중복가입 확인부터 개인·단체실손 정리까지 최종 가이드,5605,False,0,[],True,[],[],완료,DONE
articles/earned-income-credit-account-change.html,https://savingio.com/articles/earned-income-credit-account-change.html,"근로장려금 지급계좌 변경 방법, 홈택스 신청과 입금 오류 대응 | Savingio","근로장려금 지급계좌 변경 방법, 홈택스 신청과 입금 오류 대응",4645,True,0,[],True,[],[],5천자 미달,P2
articles/earned-income-credit-payment.html,https://savingio.com/articles/earned-income-credit-payment.html,"근로장려금 지급일 확인 방법, 정기·반기 입금 시기와 조회 순서 | Savingio","근로장려금 지급일 확인 방법, 정기·반기 입금 시기와 조회 순서",6219,False,6,"[""/articles/car-insurance-low-mileage-discount.html"", ""/articles/fuel-saving-driving-habits.html"", ""/articles/grocery-bill-savings.html"", ""/articles/phone-bill-saving.html"", ""/categories/benefits.html"", ""/categories/finance.html""]",False,"[""목차""]",[],깨진 링크,P0
articles/earned-income-credit-status-check.html,https://savingio.com/articles/earned-income-credit-status-check.html,"근로장려금 심사진행상황 조회 방법, 심사중·결정완료 상태 해석 | Savingio","근로장려금 심사진행상황 조회 방법, 심사중·결정완료 상태 해석",5137,False,0,[],True,[],[],완료,DONE
articles/earned-income-tax-credit-korea.html,https://savingio.com/articles/earned-income-tax-credit-korea.html,"2026 근로장려금 신청 대상과 지급일, 놓쳤을 때 확인 순서 | Savingio","2026 근로장려금 신청 대상과 지급일, 놓쳤을 때 확인 순서",8559,False,1,"[""/articles/unclaimed-refund-check.html""]",True,[],[],깨진 링크,P0
articles/education-benefit-eligibility.html,https://savingio.com/articles/education-benefit-eligibility.html,교육급여 신청 방법과 수급자격 확인 | Savingio,교육급여 신청 방법과 수급자격 확인,5536,False,0,[],True,[],[],완료,DONE
articles/education-expense-vs-benefit.html,https://savingio.com/articles/education-expense-vs-benefit.html,교육비 지원과 교육급여 차이 | Savingio,교육비 지원과 교육급여 차이,4921,True,0,[],False,"[""목차""]","[{""path"": ""articles/elementary-school-education-support.html"", ""score"": 0.7144}]",5천자 미달 / 중복 의심,P1
articles/electricity-bill-easy-calculator-guide.html,https://savingio.com/articles/electricity-bill-easy-calculator-guide.html,전기 사용량만으로 이번 달 예상 전기요금 확인하는 방법 | 세이빙이오(Savingio),전기 사용량만으로 이번 달 예상 전기요금 확인하는 방법,4756,True,1,"[""/categories/living-cost.html""]",False,"[""목차""]",[],5천자 미달 / 깨진 링크,P0
articles/electricity-bill-saving.html,https://savingio.com/articles/electricity-bill-saving.html,"전기요금 절약 방법, 고지서부터 가전 사용량까지 확인하는 순서 | 세이빙이오(Savingio)","전기요금 절약 방법, 고지서부터 가전 사용량까지 확인하는 순서",4645,True,2,"[""/categories/living-cost.html"", ""/categories/utility-bills.html""]",False,"[""목차""]",[],5천자 미달 / 깨진 링크,P0
articles/electricity-discount-card-guide.html,https://savingio.com/articles/electricity-discount-card-guide.html,전기요금 할인카드 제대로 고르는 방법 | Savingio,전기요금 할인카드 제대로 고르는 방법,6028,False,1,"[""/categories/electricity-utility.html""]",False,"[""목차""]",[],깨진 링크,P0
articles/electronic-tax-invoice-penalty.html,https://savingio.com/articles/electronic-tax-invoice-penalty.html,"전자세금계산서 가산세, 지연발급·미발급·미전송 차이 | Savingio","전자세금계산서 가산세, 지연발급·미발급·미전송 차이",8286,False,0,[],True,[],[],완료,DONE
articles/elementary-school-education-support.html,https://savingio.com/articles/elementary-school-education-support.html,"초등학생 교육비 지원 총정리, 교육급여·방과후·돌봄 신청법 | Savingio","초등학생 교육비 지원 총정리, 교육급여·방과후·돌봄 신청법",9508,False,3,"[""/articles/child-care-service-guide.html"", ""/articles/childcare-support-guide.html"", ""/articles/elementary-after-school-care.html""]",True,[],"[{""path"": ""articles/education-expense-vs-benefit.html"", ""score"": 0.7144}]",중복 의심 / 깨진 링크,P0
articles/emergency-fund-guide.html,https://savingio.com/articles/emergency-fund-guide.html,비상금 얼마가 적당할까? 생활비 1개월부터 만드는 현실적인 순서 | Savingio,비상금 얼마가 적당할까? 생활비 1개월부터 만드는 현실적인 순서,6231,False,4,"[""/articles/credit-card-revolving-guide.html"", ""/articles/debt-adjustment-guide.html"", ""/articles/household-budget-guide.html"", ""/articles/loan-interest-reduction-guide.html""]",False,"[""목차""]",[],깨진 링크,P0
articles/emergency-medical-support.html,https://savingio.com/articles/emergency-medical-support.html,긴급복지 의료지원 신청 방법 | 세이빙이오(Savingio),긴급복지 의료지원 신청 방법,9379,False,1,"[""/articles/health-insurance-out-of-pocket-refund.html""]",False,"[""목차""]",[],깨진 링크,P0
articles/emergency-welfare-living-support.html,https://savingio.com/articles/emergency-welfare-living-support.html,긴급복지 생계지원 신청 조건 | 세이빙이오(Savingio),긴급복지 생계지원 신청 조건,8755,False,2,"[""/articles/unemployment-benefit-application.html"", ""/articles/utility-bill-support.html""]",False,"[""목차""]",[],깨진 링크,P0
articles/energy-voucher-2026-application.html,https://savingio.com/articles/energy-voucher-2026-application.html,"2026 에너지바우처 신청 대상과 금액, 사용기간까지 한 번에 | Savingio","2026 에너지바우처 신청 대상과 금액, 사용기간까지 한 번에",8095,False,0,[],True,[],[],완료,DONE
articles/fan-aircon-combination-saving.html,https://savingio.com/articles/fan-aircon-combination-saving.html,선풍기와 에어컨 함께 쓰는 방법 | 세이빙이오(Savingio),선풍기와 에어컨 함께 쓰는 방법,4214,True,1,"[""/categories/energy-saving.html""]",False,"[""목차""]",[],5천자 미달 / 깨진 링크,P0
articles/first-meeting-voucher-guide.html,https://savingio.com/articles/first-meeting-voucher-guide.html,"첫만남이용권 신청과 사용 방법, 결제 전에 확인할 제한사항 | 세이빙이오(Savingio)","첫만남이용권 신청과 사용 방법, 결제 전에 확인할 제한사항",6147,False,4,"[""/articles/diaper-formula-support-guide.html"", ""/articles/electricity-bill-childbirth-discount.html"", ""/articles/maternity-leave-benefit.html"", ""/articles/pregnancy-childbirth-medical-support.html""]",False,"[""목차""]",[],깨진 링크,P0
articles/fixed-date-online-application.html,https://savingio.com/articles/fixed-date-online-application.html,확정일자 온라인 신청 방법 | 세이빙이오(Savingio),확정일자 온라인 신청 방법,5606,False,4,"[""/articles/jeonse-deposit-protection.html"", ""/articles/lease-contract-report.html"", ""/articles/move-in-report-online.html"", ""/articles/registry-copy-check.html""]",False,"[""목차""]",[],깨진 링크,P0
articles/fixed-speed-aircon-saving.html,https://savingio.com/articles/fixed-speed-aircon-saving.html,정속형 에어컨 전기세 절약 방법 | 세이빙이오(Savingio),정속형 에어컨 전기세 절약 방법,4789,True,0,[],False,"[""목차""]",[],5천자 미달,P2
articles/four-major-insurance-deduction-guide.html,https://savingio.com/articles/four-major-insurance-deduction-guide.html,"4대보험 공제액 확인 방법, 월급에서 얼마가 빠지는지 보는 기준 | 세이빙이오(Savingio)","4대보험 공제액 확인 방법, 월급에서 얼마가 빠지는지 보는 기준",4903,True,2,"[""/articles/salary-statement-check-guide.html"", ""/articles/salary-tax-deduction-guide.html""]",True,[],[],5천자 미달 / 깨진 링크,P0
articles/gas-bill-checklist.html,https://savingio.com/articles/gas-bill-checklist.html,도시가스 요금 절약과 고지서 점검 방법 | 세이빙이오(Savingio),도시가스 요금 절약과 고지서 점검 방법,4624,True,3,"[""/articles/energy-voucher-guide.html"", ""/articles/heating-cost-saving-guide.html"", ""/categories/utility-bills.html""]",True,[],[],5천자 미달 / 깨진 링크,P0
articles/general-vat-common-mistakes.html,https://savingio.com/articles/general-vat-common-mistakes.html,일반과세자 부가가치세 신고에서 자주 하는 실수 12가지 | 세이빙이오(Savingio),일반과세자 부가가치세 신고에서 자주 하는 실수 12가지,5055,False,0,[],True,[],[],완료,DONE
articles/government-benefit-alert-2026.html,https://savingio.com/articles/government-benefit-alert-2026.html,"정부24 혜택알리미 2026, 받을 수 있는 지원금 찾는 순서 | Savingio",“남들은 받았다는데 나는 왜 몰랐을까?” 정부24 혜택알리미 확인 순서,7541,False,1,"[""/articles/subsidy24-benefit-search.html""]",True,[],[],깨진 링크,P0
articles/government-benefit-alert-setup.html,https://savingio.com/articles/government-benefit-alert-setup.html,"정부24 혜택알리미 설정 방법, 맞춤 혜택과 알림 수신 관리 | Savingio","정부24 혜택알리미 설정 방법, 맞춤 혜택과 알림 수신 관리",3962,True,0,[],True,[],[],5천자 미달,P2
articles/government-benefits-warning.html,https://savingio.com/articles/government-benefits-warning.html,정부지원금 조회 시 주의할 점 | Savingio,정부지원금 조회 시 주의할 점,5559,False,1,"[""/articles/subsidy24-benefit-search.html""]",False,"[""목차""]","[{""path"": ""articles/benefit-scam-warning-2026.html"", ""score"": 0.7282}]",중복 의심 / 깨진 링크,P0
articles/government-support-calendar.html,https://savingio.com/articles/government-support-calendar.html,"정부지원금 신청 일정 관리 방법, 마감일·갱신일 놓치지 않는 달력 만들기 | Savingio","정부지원금 신청 일정 관리 방법, 마감일·갱신일 놓치지 않는 달력 만들기",4129,True,0,[],True,[],[],5천자 미달,P2
articles/government24-benefit-check.html,https://savingio.com/articles/government24-benefit-check.html,"정부24 보조금24 혜택 조회 방법, 나와 가족 지원금 찾기 | Savingio","정부24 보조금24 혜택 조회 방법, 나와 가족 지원금 찾기",3724,True,0,[],True,[],[],5천자 미달,P2
articles/grocery-saving-tips.html,https://savingio.com/articles/grocery-saving-tips.html,"장보기 전에 꼭 확인할 식비 절약법, 냉장고부터 예산까지 | Savingio","장보기 전에 꼭 확인할 식비 절약법, 냉장고부터 예산까지",7680,False,1,"[""/articles/bank-fees-to-avoid.html""]",False,"[""목차""]",[],깨진 링크,P0
articles/health-insurance-refund-guide.html,https://savingio.com/articles/health-insurance-refund-guide.html,건강보험 환급금 조회부터 신청·입금 확인까지 최종 가이드 | Savingio,건강보험 환급금 조회부터 신청·입금 확인까지 최종 가이드,5138,False,2,"[""/articles/health-insurance-out-of-pocket-refund.html"", ""/articles/health-insurance-overpayment-refund.html""]",True,[],[],깨진 링크,P0
articles/heating-bill-saving.html,https://savingio.com/articles/heating-bill-saving.html,"난방비 절약 방법 12가지, 보일러 설정부터 창문 단열까지 | Savingio","난방비 절약 방법 12가지, 보일러 설정부터 창문 단열까지",4481,True,0,[],False,"[""목차""]",[],5천자 미달,P2
articles/home-water-leak-self-check.html,https://savingio.com/articles/home-water-leak-self-check.html,"수도 누수 자가진단, 계량기로 우리 집 누수 확인하는 방법 | 세이빙이오(Savingio)","수도 누수 자가진단, 계량기로 우리 집 누수 확인하는 방법",6691,False,0,[],True,[],[],완료,DONE
articles/hometax-refund-status.html,https://savingio.com/articles/hometax-refund-status.html,"홈택스 환급 진행상황 조회 방법, 지급 지연 원인까지 확인하세요 | 세이빙이오(Savingio)","홈택스 환급 진행상황 조회 방법, 지급 지연 원인까지 확인하세요",3814,True,2,"[""/articles/income-tax-refund-check.html"", ""/articles/tax-refund-scam-warning.html""]",True,[],[],5천자 미달 / 깨진 링크,P0
articles/hometax-vat-sales-check.html,https://savingio.com/articles/hometax-vat-sales-check.html,"홈택스 부가가치세 매출자료 확인 방법, 카드·현금영수증 누락까지 점검하세요 | 세이빙이오(Savingio)","홈택스 부가가치세 매출자료 확인 방법, 카드·현금영수증 누락까지 점검하세요",4623,True,1,"[""/calculators/vat-calculator.html""]",True,[],[],5천자 미달 / 깨진 링크,P0
articles/housing-benefit-eligibility.html,https://savingio.com/articles/housing-benefit-eligibility.html,"2026 주거급여 신청 자격, 소득인정액과 지원금 확인 방법 | 세이빙이오(Savingio)","2026 주거급여 신청 자격, 소득인정액과 지원금 확인 방법",10512,False,4,"[""/articles/energy-voucher-eligibility.html"", ""/articles/heating-cost-support.html"", ""/articles/housing-benefit-application.html"", ""/articles/rent-tax-credit-guide.html""]",True,[],[],깨진 링크,P0
articles/impulse-buying-control.html,https://savingio.com/articles/impulse-buying-control.html,"충동구매 줄이는 현실적인 방법, 결제 전 24시간 규칙부터 시작하세요 | Savingio","충동구매 줄이는 현실적인 방법, 결제 전 24시간 규칙부터 시작하세요",3459,True,1,"[""/categories/household-budget.html""]",True,[],[],5천자 미달 / 깨진 링크,P0
articles/income-tax-filing-missed-consequences.html,https://savingio.com/articles/income-tax-filing-missed-consequences.html,종합소득세 신고 안 하면 생기는 불이익과 기한후신고 방법 | 세이빙이오(Savingio),종합소득세 신고 안 하면 생기는 불이익과 기한후신고 방법,8342,False,1,"[""/articles/freelancer-income-tax-refund.html""]",True,[],[],깨진 링크,P0
articles/insurance-auto-pay-discount.html,https://savingio.com/articles/insurance-auto-pay-discount.html,"보험료 자동이체 할인, 바꾸기 전에 실제 납부액부터 비교하세요 | Savingio","보험료 자동이체 할인, 바꾸기 전에 실제 납부액부터 비교하세요",6189,False,1,"[""/categories/insurance.html""]",True,[],[],깨진 링크,P0
articles/insurance-surrender-value-check.html,https://savingio.com/articles/insurance-surrender-value-check.html,"보험 해지환급금 조회부터 해지 결정까지, 손실·대출·보장 공백 최종 점검 | Savingio","보험 해지환급금 조회부터 해지 결정까지, 손실·대출·보장 공백 최종 점검",6407,False,0,[],True,[],[],완료,DONE
articles/internet-bill-discount.html,https://savingio.com/articles/internet-bill-discount.html,"인터넷 요금 할인받는 방법, 약정·결합·재약정 점검 순서 | 세이빙이오(Savingio)","인터넷 요금 할인받는 방법, 약정·결합·재약정 점검 순서",9047,False,3,"[""/articles/mobile-plan-saving.html"", ""/articles/moving-cost-saving.html"", ""/articles/subscription-audit.html""]",True,[],[],깨진 링크,P0
articles/inverter-aircon-saving-guide.html,https://savingio.com/articles/inverter-aircon-saving-guide.html,"인버터 에어컨 전기세 절약 운전법, 켜고 끄는 기준부터 설정온도까지 | 세이빙이오(Savingio)","인버터 에어컨 전기세 절약 운전법, 켜고 끄는 기준부터 설정온도까지",7581,False,2,"[""/articles/summer-electricity-bill-guide.html"", ""/categories/electricity.html""]",True,[],[],깨진 링크,P0
articles/lifelong-education-voucher-application.html,https://savingio.com/articles/lifelong-education-voucher-application.html,"2026 평생교육이용권 신청 방법, 대상·사용처·카드 발급까지 | 세이빙이오(Savingio)","2026 평생교육이용권 신청 방법, 대상·사용처·카드 발급까지",4284,True,4,"[""/articles/cultural-nuri-card-guide.html"", ""/articles/education-expense-tax-credit.html"", ""/articles/government-benefit-check-guide.html"", ""/articles/national-tomorrow-learning-card-guide.html""]",True,[],[],5천자 미달 / 깨진 링크,P0
articles/loan-prepayment-fee-check.html,https://savingio.com/articles/loan-prepayment-fee-check.html,"대출 중도상환수수료 확인법, 지금 갚는 게 이득인지 계산하는 순서 | 세이빙이오(Savingio)","대출 중도상환수수료 확인법, 지금 갚는 게 이득인지 계산하는 순서",5968,False,3,"[""/articles/credit-score-management.html"", ""/articles/household-debt-repayment-plan.html"", ""/articles/loan-interest-reduction-request.html""]",True,[],[],깨진 링크,P0
articles/loan-refinancing-check.html,https://savingio.com/articles/loan-refinancing-check.html,"대출 갈아타기 전 확인할 것, 금리보다 중요한 총비용 계산법 | 세이빙이오(Savingio)","대출 갈아타기 전 확인할 것, 금리보다 중요한 총비용 계산법",5853,False,2,"[""/articles/credit-score-management.html"", ""/articles/loan-interest-reduction-request.html""]",True,[],[],깨진 링크,P0
articles/local-tax-refund-guide.html,https://savingio.com/articles/local-tax-refund-guide.html,"지방세 환급금 조회와 신청 방법, 위택스에서 놓친 돈 찾는 순서 | 세이빙이오(Savingio)","지방세 환급금 조회와 신청 방법, 위택스에서 놓친 돈 찾는 순서",5319,False,2,"[""/articles/health-insurance-overpayment-refund.html"", ""/categories/tax-benefits.html""]",True,[],[],깨진 링크,P0
articles/long-term-care-insurance-application.html,https://savingio.com/articles/long-term-care-insurance-application.html,"노인장기요양보험 신청 방법, 방문조사부터 등급판정까지 | 세이빙이오(Savingio)","노인장기요양보험 신청 방법, 방문조사부터 등급판정까지",6122,False,4,"[""/articles/health-insurance-out-of-pocket-refund.html"", ""/articles/health-insurance-overpayment-refund.html"", ""/articles/medical-expense-tax-deduction.html"", ""/categories/insurance-health.html""]",True,[],[],깨진 링크,P0
articles/long-term-repair-reserve-refund-guide.html,https://savingio.com/articles/long-term-repair-reserve-refund-guide.html,"장기수선충당금 반환, 세입자가 이사할 때 돌려받는 순서 | Savingio","장기수선충당금 반환, 세입자가 이사할 때 돌려받는 순서",5844,False,0,[],True,[],[],완료,DONE
articles/medical-bill-negotiation.html,https://savingio.com/articles/medical-bill-negotiation.html,병원비가 너무 많이 나왔을 때 확인·정정·환불 요청 방법 | 세이빙이오(Savingio),병원비가 너무 많이 나왔을 때 확인·정정·환불 요청 방법,9613,False,3,"[""/articles/health-insurance-out-of-pocket-refund.html"", ""/articles/health-insurance-overpayment-refund.html"", ""/categories/health-insurance.html""]",True,[],[],깨진 링크,P0
articles/missing-property-tax-bill.html,https://savingio.com/articles/missing-property-tax-bill.html,재산세 고지서가 안 왔을 때 확인 방법 | 세이빙이오(Savingio),재산세 고지서가 안 왔을 때 확인 방법,9145,False,1,"[""/articles/health-insurance-overpayment-refund.html""]",True,[],[],깨진 링크,P0
articles/money-saving-habits.html,https://savingio.com/articles/money-saving-habits.html,돈이 모이는 생활 습관 | Savingio,돈이 모이는 생활 습관,3576,True,0,[],True,[],[],5천자 미달,P2
articles/monthly-budget-planner.html,https://savingio.com/articles/monthly-budget-planner.html,"월 예산표 만드는 방법, 월급날부터 다음 급여일까지 관리하세요 | Savingio","월 예산표 만드는 방법, 월급날부터 다음 급여일까지 관리하세요",6252,False,0,[],True,[],[],완료,DONE
articles/monthly-rent-tax-credit-documents.html,https://savingio.com/articles/monthly-rent-tax-credit-documents.html,월세 세액공제 준비서류와 확인 순서 | Savingio,월세 세액공제 준비서류와 확인 순서,7623,False,2,"[""/articles/irs-tax-refund-status.html"", ""/articles/local-tax-refund-claim.html""]",False,"[""목차""]",[],깨진 링크,P0
articles/national-employment-support-eligibility.html,https://savingio.com/articles/national-employment-support-eligibility.html,국민취업지원제도 신청 자격 | 세이빙이오(Savingio),국민취업지원제도 신청 자격,5724,False,4,"[""/articles/employment-success-allowance.html"", ""/articles/job-training-card-guide.html"", ""/articles/national-employment-support-application.html"", ""/articles/unemployment-benefit-eligibility.html""]",False,"[""목차""]",[],깨진 링크,P0
articles/national-pension-additional-payment.html,https://savingio.com/articles/national-pension-additional-payment.html,"국민연금 추후납부 신청, 가입기간이 부족할 때 확인할 조건과 계산 순서 | Savingio","국민연금 추후납부 신청, 가입기간이 부족할 때 확인할 조건과 계산 순서",6404,False,0,[],False,"[""목차""]",[],정상,P3
articles/national-pension-old-age-benefit-guide.html,https://savingio.com/articles/national-pension-old-age-benefit-guide.html,"국민연금 노령연금 수급 기준, 언제부터 얼마를 받는지 확인하는 방법 | Savingio","국민연금 노령연금 수급 기준, 언제부터 얼마를 받는지 확인하는 방법",8836,False,0,[],True,[],[],완료,DONE
articles/national-pension-overpayment-refund.html,https://savingio.com/articles/national-pension-overpayment-refund.html,"국민연금 과오납금 조회와 환급 신청, 돌려받기 전 확인할 순서 | Savingio","국민연금 과오납금 조회와 환급 신청, 돌려받기 전 확인할 순서",5647,False,0,[],False,"[""목차""]",[],정상,P3
articles/national-scholarship-application.html,https://savingio.com/articles/national-scholarship-application.html,국가장학금 신청 방법과 확인사항 | 세이빙이오(Savingio),국가장학금 신청 방법과 확인사항,5466,False,3,"[""/articles/education-expense-tax-credit.html"", ""/articles/youth-benefits-guide.html"", ""/categories/education-benefits.html""]",True,[],[],깨진 링크,P0
articles/national-tax-refund-account.html,https://savingio.com/articles/national-tax-refund-account.html,국세환급금 지급계좌 등록 방법 | 세이빙이오(Savingio),국세환급금 지급계좌 등록 방법,4953,True,2,"[""/articles/irs-tax-refund-status.html"", ""/articles/local-tax-refund-claim.html""]",False,"[""목차""]",[],5천자 미달 / 깨진 링크,P0
articles/national-tax-refund.html,https://savingio.com/articles/national-tax-refund.html,국세 환급금 조회 방법 | 세이빙이오(Savingio),국세 환급금 조회 방법,5499,False,4,"[""/articles/comprehensive-income-tax-refund.html"", ""/articles/earned-income-tax-credit.html"", ""/articles/local-tax-refund.html"", ""/articles/year-end-tax-settlement-refund.html""]",True,[],[],깨진 링크,P0
articles/near-poverty-certificate.html,https://savingio.com/articles/near-poverty-certificate.html,차상위계층 확인서 발급 방법 | 세이빙이오(Savingio),차상위계층 확인서 발급 방법,5687,False,0,[],False,"[""목차""]",[],정상,P3
articles/over-60-benefits-guide.html,https://savingio.com/articles/over-60-benefits-guide.html,"60세 이상 받을 수 있는 혜택, 연금·건강·일자리·생활비 확인 순서 | Savingio","60세 이상 받을 수 있는 혜택, 연금·건강·일자리·생활비 확인 순서",4285,True,0,[],False,"[""목차""]",[],5천자 미달,P2
articles/overdraft-account-guide.html,https://savingio.com/articles/overdraft-account-guide.html,마이너스통장 사용 시 주의사항 | 세이빙이오(Savingio),마이너스통장 사용 시 주의사항,5005,False,5,"[""/articles/bank-fees-to-avoid.html"", ""/articles/credit-score-management.html"", ""/articles/debt-repayment-priority.html"", ""/articles/loan-interest-reduction-request.html"", ""/articles/loan-refinancing-guide.html""]",False,"[""목차""]",[],깨진 링크,P0
articles/parental-benefit-guide.html,https://savingio.com/articles/parental-benefit-guide.html,"부모급여 신청 방법, 출생 후 놓치지 말아야 할 확인 순서 | Savingio","부모급여 신청 방법, 출생 후 놓치지 말아야 할 확인 순서",7114,False,2,"[""/articles/birth-support-benefits-guide.html"", ""/articles/daycare-fee-support-guide.html""]",False,"[""목차""]",[],깨진 링크,P0
articles/parking-account-rate-comparison.html,https://savingio.com/articles/parking-account-rate-comparison.html,파킹통장 금리 비교할 때 볼 항목 | Savingio,파킹통장 금리 비교할 때 볼 항목,7333,False,1,"[""/categories/finance.html""]",False,"[""목차""]",[],깨진 링크,P0
articles/peak-season-hotel-saving.html,https://savingio.com/articles/peak-season-hotel-saving.html,성수기 숙박비 절약 예약 전략 | Savingio,성수기 숙박비 절약 예약 전략,6683,False,5,"[""/articles/card-overseas-payment-fee.html"", ""/articles/flight-ticket-saving.html"", ""/articles/travel-budget-planning.html"", ""/articles/travel-insurance-claim-guide.html"", ""/categories/travel-living.html""]",False,"[""목차""]",[],깨진 링크,P0
articles/property-tax-bill-checklist-2026.html,https://savingio.com/articles/property-tax-bill-checklist-2026.html,재산세 고지서 확인 체크리스트 2026 | Savingio,재산세 고지서 확인 체크리스트 2026,6978,False,0,[],False,"[""목차""]","[{""path"": ""articles/property-tax-deadline.html"", ""score"": 0.7125}]",중복 의심,P1
articles/property-tax-calculation-structure.html,https://savingio.com/articles/property-tax-calculation-structure.html,재산세 과세표준과 세액 계산 구조 | Savingio,재산세 과세표준과 세액 계산 구조,7198,False,0,[],False,"[""목차""]",[],정상,P3
articles/property-tax-deadline.html,https://savingio.com/articles/property-tax-deadline.html,재산세 납부기한과 감면 대상 | 세이빙이오(Savingio),재산세 납부기한과 감면 대상,5053,False,0,[],False,"[""목차""]","[{""path"": ""articles/property-tax-bill-checklist-2026.html"", ""score"": 0.7125}]",중복 의심,P1
articles/property-tax-electronic-bill-2026.html,https://savingio.com/articles/property-tax-electronic-bill-2026.html,위택스 재산세 전자고지 신청 방법 | Savingio,위택스 재산세 전자고지 신청 방법,9207,False,0,[],False,"[""목차""]",[],정상,P3
articles/property-tax-installment-application.html,https://savingio.com/articles/property-tax-installment-application.html,재산세 분납 신청 조건과 방법 | Savingio,재산세 분납 신청 조건과 방법,8181,False,0,[],False,"[""목차""]",[],정상,P3
articles/property-tax-joint-ownership.html,https://savingio.com/articles/property-tax-joint-ownership.html,재산세 공동명의 납부 기준 | Savingio,재산세 공동명의 납부 기준,7394,False,1,"[""/articles/property-tax-payment-methods.html""]",False,"[""목차""]",[],깨진 링크,P0
articles/property-tax-july-2026.html,https://savingio.com/articles/property-tax-july-2026.html,2026년 7월 재산세 납부 대상과 기간 | Savingio,2026년 7월 재산세 납부 대상과 기간,6128,False,3,"[""/articles/property-tax-appeal-guide.html"", ""/articles/property-tax-check-payment-guide.html"", ""/articles/property-tax-refund-correction.html""]",False,"[""목차""]","[{""path"": ""articles/property-tax-july-september-difference.html"", ""score"": 0.7092}]",중복 의심 / 깨진 링크,P0
articles/property-tax-july-september-difference.html,https://savingio.com/articles/property-tax-july-september-difference.html,주택분 재산세 7월과 9월 차이 | Savingio,주택분 재산세 7월과 9월 차이,5275,False,0,[],False,"[""목차""]","[{""path"": ""articles/property-tax-july-2026.html"", ""score"": 0.7092}]",중복 의심,P1
articles/property-tax-objection-guide.html,https://savingio.com/articles/property-tax-objection-guide.html,재산세 이의신청과 과세전적부심 차이 | Savingio,재산세 이의신청과 과세전적부심 차이,5763,False,2,"[""/articles/property-tax-overpayment-refund.html"", ""/articles/property-tax-payment-guide.html""]",False,"[""목차""]",[],깨진 링크,P0
articles/property-tax-payment-certificate.html,https://savingio.com/articles/property-tax-payment-certificate.html,재산세 납부증명서 발급 방법 | Savingio,재산세 납부증명서 발급 방법,5351,False,2,"[""/articles/local-tax-payment-guide.html"", ""/articles/property-tax-overpayment-refund.html""]",False,"[""목차""]",[],깨진 링크,P0
articles/refrigerator-summer-electricity-saving.html,https://savingio.com/articles/refrigerator-summer-electricity-saving.html,여름철 냉장고 전기세 절약 방법 | 세이빙이오(Savingio),여름철 냉장고 전기세 절약 방법,5232,False,2,"[""/articles/how-to-save-electricity-bill.html"", ""/articles/summer-electricity-tier-check.html""]",False,"[""5초 결론"", ""30초"", ""right-rail""]","[{""path"": ""articles/summer-gas-bill-hot-water-saving.html"", ""score"": 0.769}, {""path"": ""articles/summer-water-bill-spike-check.html"", ""score"": 0.7855}, {""path"": ""articles/telecom-discount-guide.html"", ""score"": 0.7081}]",중복 의심 / 깨진 링크,P0
articles/regional-development-bond-refund-guide.html,https://savingio.com/articles/regional-development-bond-refund-guide.html,"자동차 채권 환급금 조회 방법, 지역개발채권 만기상환 확인 순서 | 세이빙이오(Savingio)","자동차 채권 환급금 조회 방법, 지역개발채권 만기상환 확인 순서",4373,True,2,"[""/articles/hidden-money-search.html"", ""/articles/subsidy24-benefit-search.html""]",False,"[""작성·검수"", ""5초 결론"", ""30초"", ""목차"", ""right-rail""]",[],5천자 미달 / 깨진 링크,P0
articles/rental-car-vacation-saving.html,https://savingio.com/articles/rental-car-vacation-saving.html,"휴가철 렌터카 비용 절약, 보험·연료·반납 조건까지 비교하는 순서 | Savingio","휴가철 렌터카 비용 절약, 보험·연료·반납 조건까지 비교하는 순서",4694,True,0,[],True,[],[],5천자 미달,P2
articles/rental-contract-reporting-guide.html,https://savingio.com/articles/rental-contract-reporting-guide.html,전월세 신고제 신고 방법과 준비서류 | 세이빙이오(Savingio),전월세 신고제 신고 방법과 준비서류,4984,True,0,[],False,"[""작성·검수"", ""5초 결론"", ""30초"", ""목차"", ""right-rail""]","[{""path"": ""articles/youth-housing-benefit-separate-payment.html"", ""score"": 0.7388}]",5천자 미달 / 중복 의심,P1
articles/revolving-cancellation-payoff.html,https://savingio.com/articles/revolving-cancellation-payoff.html,리볼빙 해지와 잔액 상환 방법 | 세이빙이오(Savingio),리볼빙 해지와 잔액 상환 방법,4683,True,3,"[""/articles/energy-voucher-balance-check-2026.html"", ""/articles/energy-voucher-balance-use.html"", ""/articles/low-income-cooling-support.html""]",False,"[""5초 결론"", ""30초"", ""right-rail""]","[{""path"": ""articles/savings-maturity-auto-renewal.html"", ""score"": 0.7367}, {""path"": ""articles/single-parent-support-benefits.html"", ""score"": 0.734}, {""path"": ""articles/travel-insurance-comparison.html"", ""score"": 0.7658}, {""path"": ""articles/unemployment-benefit-job-search.html"", ""score"": 0.7324}, {""path"": ""articles/wetax-electronic-billing.html"", ""score"": 0.7411}, {""path"": ""articles/wetax-payment-history.html"", ""score"": 0.7727}, {""path"": ""articles/yellow-umbrella-mutual-aid-guide.html"", ""score"": 0.7858}, {""path"": ""articles/youth-leap-account-contribution.html"", ""score"": 0.748}, {""path"": ""articles/youth-savings-account-maintenance.html"", ""score"": 0.7495}]",5천자 미달 / 중복 의심 / 깨진 링크,P0
articles/salary-slip-check-guide.html,https://savingio.com/articles/salary-slip-check-guide.html,"급여명세서 확인 방법, 월급에서 빠진 돈을 항목별로 보는 순서 | 세이빙이오(Savingio)","급여명세서 확인 방법, 월급에서 빠진 돈을 항목별로 보는 순서",4068,True,1,"[""/articles/salary-management-guide.html""]",False,"[""5초 결론"", ""30초"", ""right-rail""]",[],5천자 미달 / 깨진 링크,P0
articles/salary-take-home-easy-calculator-guide.html,https://savingio.com/articles/salary-take-home-easy-calculator-guide.html,세전 월급만 입력해 예상 실수령액 확인하는 방법 | 세이빙이오(Savingio),세전 월급만 입력해 예상 실수령액 확인하는 방법,4387,True,1,"[""/articles/salary-management-guide.html""]",False,"[""작성·검수"", ""5초 결론"", ""30초"", ""right-rail""]",[],5천자 미달 / 깨진 링크,P0
articles/savings-maturity-auto-renewal.html,https://savingio.com/articles/savings-maturity-auto-renewal.html,적금 만기 후 자동재예치 확인법 | 세이빙이오(Savingio),적금 만기 후 자동재예치 확인법,4713,True,2,"[""/articles/credit-score-management.html"", ""/articles/energy-voucher-eligibility-2026.html""]",False,"[""5초 결론"", ""30초"", ""right-rail""]","[{""path"": ""articles/revolving-cancellation-payoff.html"", ""score"": 0.7367}, {""path"": ""articles/single-parent-support-benefits.html"", ""score"": 0.7186}, {""path"": ""articles/tax-credit-late-application.html"", ""score"": 0.7054}, {""path"": ""articles/telecom-discount-guide.html"", ""score"": 0.7272}, {""path"": ""articles/travel-insurance-comparison.html"", ""score"": 0.7419}, {""path"": ""articles/unemployment-benefit-job-search.html"", ""score"": 0.7437}, {""path"": ""articles/wetax-electronic-billing.html"", ""score"": 0.7307}, {""path"": ""articles/wetax-payment-history.html"", ""score"": 0.7586}, {""path"": ""articles/yellow-umbrella-mutual-aid-guide.html"", ""score"": 0.7732}, {""path"": ""articles/youth-leap-account-contribution.html"", ""score"": 0.8376}, {""path"": ""articles/youth-savings-account-maintenance.html"", ""score"": 0.7695}, {""path"": ""articles/youth-support-programs.html"", ""score"": 0.7172}]",5천자 미달 / 중복 의심 / 깨진 링크,P0
articles/self-employed-income-tax-refund-check.html,https://savingio.com/articles/self-employed-income-tax-refund-check.html,종합소득세 신고 대상 확인 방법 | 세이빙이오(Savingio),종합소득세 신고 대상 확인 방법,6603,False,3,"[""/articles/energy-voucher-eligibility-2026.html"", ""/articles/vat-final-return-july-2026.html"", ""/articles/vat-zero-sales-filing.html""]",False,"[""5초 결론"", ""30초"", ""right-rail""]",[],깨진 링크,P0
articles/senior-job-application-guide.html,https://savingio.com/articles/senior-job-application-guide.html,"노인일자리 신청 방법, 모집 시기와 사업 유형을 비교하는 체크리스트 | 세이빙이오(Savingio)","노인일자리 신청 방법, 모집 시기와 사업 유형을 비교하는 체크리스트",4276,True,0,[],False,"[""작성·검수"", ""5초 결론"", ""30초"", ""목차"", ""right-rail""]",[],5천자 미달,P2
articles/severance-pay-calculation-guide.html,https://savingio.com/articles/severance-pay-calculation-guide.html,"퇴직금 계산 방법, 평균임금과 재직기간을 확인하는 순서 | 세이빙이오(Savingio)","퇴직금 계산 방법, 평균임금과 재직기간을 확인하는 순서",3515,True,0,[],False,"[""5초 결론"", ""30초"", ""right-rail""]",[],5천자 미달,P2
articles/severance-pay-easy-calculator-guide.html,https://savingio.com/articles/severance-pay-easy-calculator-guide.html,"퇴직금, 입사일과 월급만으로 빠르게 확인하는 방법 | 세이빙이오(Savingio)","퇴직금, 입사일과 월급만으로 빠르게 확인하는 방법",4727,True,0,[],False,"[""작성·검수"", ""5초 결론"", ""30초"", ""right-rail""]",[],5천자 미달,P2
articles/simple-receipt-expense-rules.html,https://savingio.com/articles/simple-receipt-expense-rules.html,사업자 비용처리 가능한 항목 총정리 | Savingio,사업자 비용처리 가능한 항목 총정리,9165,False,0,[],False,"[""목차""]",[],정상,P3
articles/simplified-vat-checklist.html,https://savingio.com/articles/simplified-vat-checklist.html,간이과세자 부가가치세 신고 체크리스트 | Savingio,간이과세자 부가가치세 신고 체크리스트,7358,False,0,[],True,[],[],완료,DONE
articles/single-parent-support-benefits.html,https://savingio.com/articles/single-parent-support-benefits.html,한부모가족 지원금 조회 방법 | 세이빙이오(Savingio),한부모가족 지원금 조회 방법,5243,False,7,"[""/articles/energy-voucher-application-2026.html"", ""/articles/energy-voucher-application.html"", ""/articles/energy-voucher-balance-check-2026.html"", ""/articles/energy-voucher-balance-use.html"", ""/articles/energy-voucher-documents.html"", ""/articles/energy-voucher-eligibility-2026.html"", ""/articles/energy-voucher-online-application.html""]",False,"[""5초 결론"", ""30초"", ""right-rail""]","[{""path"": ""articles/revolving-cancellation-payoff.html"", ""score"": 0.734}, {""path"": ""articles/savings-maturity-auto-renewal.html"", ""score"": 0.7186}, {""path"": ""articles/tax-credit-late-application.html"", ""score"": 0.8221}, {""path"": ""articles/travel-insurance-comparison.html"", ""score"": 0.7199}, {""path"": ""articles/unemployment-benefit-job-search.html"", ""score"": 0.7222}, {""path"": ""articles/wetax-electronic-billing.html"", ""score"": 0.748}, {""path"": ""articles/wetax-payment-history.html"", ""score"": 0.7513}, {""path"": ""articles/yellow-umbrella-mutual-aid-guide.html"", ""score"": 0.7455}, {""path"": ""articles/youth-leap-account-contribution.html"", ""score"": 0.8235}, {""path"": ""articles/youth-savings-account-maintenance.html"", ""score"": 0.8316}, {""path"": ""articles/youth-support-programs.html"", ""score"": 0.8655}]",중복 의심 / 깨진 링크,P0
articles/small-business-closure-support.html,https://savingio.com/articles/small-business-closure-support.html,폐업 소상공인 원스톱 지원 확인 2026 | Savingio,폐업 소상공인 원스톱 지원 확인 2026,6465,False,0,[],False,"[""목차""]",[],정상,P3
articles/small-business-delivery-support.html,https://savingio.com/articles/small-business-delivery-support.html,소상공인 배달비 지원사업 찾는 방법 | 세이빙이오(Savingio),소상공인 배달비 지원사업 찾는 방법,7596,False,0,[],False,"[""목차""]",[],정상,P3
articles/small-business-electricity-support.html,https://savingio.com/articles/small-business-electricity-support.html,소상공인 전기요금 지원 확인법 | 2026년 공고·대상·서류·신청 순서 | Savingio,소상공인 전기요금 지원 확인법,6155,False,1,"[""/articles/subsidy24-benefit-search.html""]",False,"[""related"", ""right-rail""]",[],깨진 링크,P0
articles/small-business-policy-fund.html,https://savingio.com/articles/small-business-policy-fund.html,소상공인 정책자금 확인·신청 순서 2026 | Savingio,소상공인 정책자금 확인·신청 순서 2026,6441,False,5,"[""/articles/business-cash-flow-guide.html"", ""/articles/business-credit-score-guide.html"", ""/articles/government-support-scam-warning-2026.html"", ""/articles/small-business-loan-guide.html"", ""/articles/tax-arrears-check-guide.html""]",False,"[""목차""]",[],깨진 링크,P0
articles/spending-habits-change.html,https://savingio.com/articles/spending-habits-change.html,"소비 습관 바꾸는 방법, 지출을 참기보다 구조를 바꾸세요 | Savingio","소비 습관 바꾸는 방법, 지출을 참기보다 구조를 바꾸세요",3025,True,3,"[""/calculators/monthly-budget.html"", ""/calculators/savings-goal.html"", ""/categories/household-budget.html""]",True,[],[],5천자 미달 / 깨진 링크,P0
articles/student-loan-repayment-guide.html,https://savingio.com/articles/student-loan-repayment-guide.html,학자금대출 상환 방법과 부담 줄이는 순서 | 세이빙이오(Savingio),학자금대출 상환 방법과 부담 줄이는 순서,3973,True,0,[],False,"[""5초 결론"", ""30초"", ""right-rail""]",[],5천자 미달,P2
articles/summer-electricity-tier-check-2026.html,https://savingio.com/articles/summer-electricity-tier-check-2026.html,여름철 전기요금 누진구간 확인과 사용량 관리 방법 | Savingio,여름철 전기요금 누진구간 확인과 사용량 관리 방법,5471,False,4,"[""/articles/aircon-filter-cleaning-saving.html"", ""/articles/dehumidifier-electricity-cost.html"", ""/articles/summer-electricity-tier-check.html"", ""/categories/living-cost.html""]",True,[],[],깨진 링크,P0
articles/summer-gas-bill-hot-water-saving.html,https://savingio.com/articles/summer-gas-bill-hot-water-saving.html,여름 가스요금 줄이는 온수 사용법 | 세이빙이오(Savingio),여름 가스요금 줄이는 온수 사용법,4839,True,1,"[""/articles/water-bill-guide.html""]",False,"[""5초 결론"", ""30초"", ""right-rail""]","[{""path"": ""articles/refrigerator-summer-electricity-saving.html"", ""score"": 0.769}, {""path"": ""articles/summer-water-bill-spike-check.html"", ""score"": 0.8208}, {""path"": ""articles/telecom-discount-guide.html"", ""score"": 0.761}, {""path"": ""articles/wetax-payment-history.html"", ""score"": 0.7131}, {""path"": ""articles/yellow-umbrella-mutual-aid-guide.html"", ""score"": 0.7097}, {""path"": ""articles/youth-leap-account-contribution.html"", ""score"": 0.7133}, {""path"": ""articles/youth-savings-account-maintenance.html"", ""score"": 0.7125}]",5천자 미달 / 중복 의심 / 깨진 링크,P0
articles/summer-vacation-budget-plan.html,https://savingio.com/articles/summer-vacation-budget-plan.html,"여름 휴가비 예산 짜는 방법, 여행 후 카드값까지 계산하세요 | Savingio","여름 휴가비 예산 짜는 방법, 여행 후 카드값까지 계산하세요",4588,True,1,"[""/categories/household-budget.html""]",True,[],[],5천자 미달 / 깨진 링크,P0
articles/summer-water-bill-spike-check.html,https://savingio.com/articles/summer-water-bill-spike-check.html,여름철 수도요금 급증 원인 점검 | 세이빙이오(Savingio),여름철 수도요금 급증 원인 점검,4808,True,1,"[""/articles/water-bill-guide.html""]",False,"[""5초 결론"", ""30초"", ""right-rail""]","[{""path"": ""articles/refrigerator-summer-electricity-saving.html"", ""score"": 0.7855}, {""path"": ""articles/summer-gas-bill-hot-water-saving.html"", ""score"": 0.8208}, {""path"": ""articles/telecom-discount-guide.html"", ""score"": 0.754}, {""path"": ""articles/wetax-payment-history.html"", ""score"": 0.7156}, {""path"": ""articles/yellow-umbrella-mutual-aid-guide.html"", ""score"": 0.7122}, {""path"": ""articles/youth-leap-account-contribution.html"", ""score"": 0.7163}, {""path"": ""articles/youth-savings-account-maintenance.html"", ""score"": 0.7155}]",5천자 미달 / 중복 의심 / 깨진 링크,P0
articles/tax-credit-late-application.html,https://savingio.com/articles/tax-credit-late-application.html,장려금 신청 누락 시 기한후 신청 방법 | 세이빙이오(Savingio),장려금 신청 누락 시 기한후 신청 방법,4993,True,3,"[""/articles/hidden-money-search.html"", ""/articles/local-tax-refund-claim.html"", ""/articles/subsidy24-benefit-search.html""]",False,"[""5초 결론"", ""30초"", ""right-rail""]","[{""path"": ""articles/savings-maturity-auto-renewal.html"", ""score"": 0.7054}, {""path"": ""articles/single-parent-support-benefits.html"", ""score"": 0.8221}, {""path"": ""articles/travel-insurance-comparison.html"", ""score"": 0.7089}, {""path"": ""articles/unemployment-benefit-job-search.html"", ""score"": 0.7233}, {""path"": ""articles/wetax-electronic-billing.html"", ""score"": 0.7964}, {""path"": ""articles/wetax-payment-history.html"", ""score"": 0.7511}, {""path"": ""articles/yellow-umbrella-mutual-aid-guide.html"", ""score"": 0.7382}, {""path"": ""articles/youth-leap-account-contribution.html"", ""score"": 0.8143}, {""path"": ""articles/youth-savings-account-maintenance.html"", ""score"": 0.8156}, {""path"": ""articles/youth-support-programs.html"", ""score"": 0.8241}]",5천자 미달 / 중복 의심 / 깨진 링크,P0
articles/tax-invoice-vs-cash-receipt.html,https://savingio.com/articles/tax-invoice-vs-cash-receipt.html,"현금영수증 매출 조회 방법, 누락·중복까지 확인하는 순서 | Savingio","현금영수증 매출 조회 방법, 누락·중복까지 확인하는 순서",6314,False,0,[],True,[],[],완료,DONE
articles/telecom-discount-guide.html,https://savingio.com/articles/telecom-discount-guide.html,통신비 할인 총정리 | 세이빙이오(Savingio),통신비 할인 총정리,4808,True,6,"[""/articles/how-to-lower-phone-bill.html"", ""/articles/internet-bill-savings.html"", ""/articles/phone-bill-saving.html"", ""/articles/subscription-audit-checklist.html"", ""/articles/subscription-cleanup.html"", ""/articles/subscription-saving.html""]",False,"[""5초 결론"", ""30초"", ""right-rail""]","[{""path"": ""articles/refrigerator-summer-electricity-saving.html"", ""score"": 0.7081}, {""path"": ""articles/savings-maturity-auto-renewal.html"", ""score"": 0.7272}, {""path"": ""articles/summer-gas-bill-hot-water-saving.html"", ""score"": 0.761}, {""path"": ""articles/summer-water-bill-spike-check.html"", ""score"": 0.754}, {""path"": ""articles/travel-insurance-comparison.html"", ""score"": 0.7143}, {""path"": ""articles/unemployment-benefit-job-search.html"", ""score"": 0.7113}, {""path"": ""articles/wetax-payment-history.html"", ""score"": 0.7263}, {""path"": ""articles/yellow-umbrella-mutual-aid-guide.html"", ""score"": 0.7362}, {""path"": ""articles/youth-leap-account-contribution.html"", ""score"": 0.7347}, {""path"": ""articles/youth-savings-account-maintenance.html"", ""score"": 0.7375}]",5천자 미달 / 중복 의심 / 깨진 링크,P0
articles/telecom-unclaimed-refund.html,https://savingio.com/articles/telecom-unclaimed-refund.html,통신비 미환급금 조회 방법 | 세이빙이오(Savingio),통신비 미환급금 조회 방법,3573,True,6,"[""/articles/how-to-lower-phone-bill.html"", ""/articles/internet-bill-savings.html"", ""/articles/phone-bill-saving.html"", ""/articles/subscription-audit-checklist.html"", ""/articles/subscription-cleanup.html"", ""/articles/subscription-saving.html""]",False,"[""5초 결론"", ""30초"", ""right-rail""]",[],5천자 미달 / 깨진 링크,P0
articles/traffic-fines-difference-guide.html,https://savingio.com/articles/traffic-fines-difference-guide.html,교통 범칙금·과태료·벌금 차이와 조회·납부 방법 총정리 | Savingio,교통 범칙금·과태료·벌금 차이와 조회·납부 방법 총정리,5848,False,0,[],True,[],[],완료,DONE
articles/travel-insurance-comparison.html,https://savingio.com/articles/travel-insurance-comparison.html,여행자보험 가입 전 비교 항목 | 세이빙이오(Savingio),여행자보험 가입 전 비교 항목,4768,True,1,"[""/articles/low-income-cooling-support.html""]",False,"[""5초 결론"", ""30초"", ""right-rail""]","[{""path"": ""articles/revolving-cancellation-payoff.html"", ""score"": 0.7658}, {""path"": ""articles/savings-maturity-auto-renewal.html"", ""score"": 0.7419}, {""path"": ""articles/single-parent-support-benefits.html"", ""score"": 0.7199}, {""path"": ""articles/tax-credit-late-application.html"", ""score"": 0.7089}, {""path"": ""articles/telecom-discount-guide.html"", ""score"": 0.7143}, {""path"": ""articles/unemployment-benefit-job-search.html"", ""score"": 0.7579}, {""path"": ""articles/wetax-electronic-billing.html"", ""score"": 0.7428}, {""path"": ""articles/wetax-payment-history.html"", ""score"": 0.7739}, {""path"": ""articles/yellow-umbrella-mutual-aid-guide.html"", ""score"": 0.862}, {""path"": ""articles/youth-leap-account-contribution.html"", ""score"": 0.7632}, {""path"": ""articles/youth-savings-account-maintenance.html"", ""score"": 0.7669}, {""path"": ""articles/youth-support-programs.html"", ""score"": 0.7149}]",5천자 미달 / 중복 의심 / 깨진 링크,P0
articles/unemployment-benefit-checklist.html,https://savingio.com/articles/unemployment-benefit-checklist.html,실업급여 신청 전 확인할 조건과 준비서류 체크리스트 | 세이빙이오(Savingio),실업급여 신청 전 확인할 조건과 준비서류 체크리스트,3491,True,0,[],False,"[""5초 결론"", ""30초"", ""right-rail""]",[],5천자 미달,P2
articles/unemployment-benefit-job-search.html,https://savingio.com/articles/unemployment-benefit-job-search.html,실업급여 구직활동 인정 기준 | 세이빙이오(Savingio),실업급여 구직활동 인정 기준,4739,True,2,"[""/articles/salary-budget-guide.html"", ""/articles/salary-management-guide.html""]",False,"[""5초 결론"", ""30초"", ""right-rail""]","[{""path"": ""articles/revolving-cancellation-payoff.html"", ""score"": 0.7324}, {""path"": ""articles/savings-maturity-auto-renewal.html"", ""score"": 0.7437}, {""path"": ""articles/single-parent-support-benefits.html"", ""score"": 0.7222}, {""path"": ""articles/tax-credit-late-application.html"", ""score"": 0.7233}, {""path"": ""articles/telecom-discount-guide.html"", ""score"": 0.7113}, {""path"": ""articles/travel-insurance-comparison.html"", ""score"": 0.7579}, {""path"": ""articles/wetax-electronic-billing.html"", ""score"": 0.7464}, {""path"": ""articles/wetax-payment-history.html"", ""score"": 0.7711}, {""path"": ""articles/yellow-umbrella-mutual-aid-guide.html"", ""score"": 0.7747}, {""path"": ""articles/youth-leap-account-contribution.html"", ""score"": 0.7706}, {""path"": ""articles/youth-savings-account-maintenance.html"", ""score"": 0.7725}, {""path"": ""articles/youth-support-programs.html"", ""score"": 0.7341}]",5천자 미달 / 중복 의심 / 깨진 링크,P0
articles/vat-final-return-2026-july.html,https://savingio.com/articles/vat-final-return-2026-july.html,2026년 1기 부가가치세 확정신고 방법과 기한 | Savingio,2026년 1기 부가가치세 확정신고 방법과 공식 기한,4854,True,0,[],True,[],[],5천자 미달,P2
articles/vat-input-tax-deduction-2026.html,https://savingio.com/articles/vat-input-tax-deduction-2026.html,부가가치세 매입세액 공제·불공제 판단법 2026 | Savingio,부가가치세 매입세액 공제·불공제 판단법 2026,8432,False,0,[],True,[],[],완료,DONE
articles/vat-payment-extension-guide.html,https://savingio.com/articles/vat-payment-extension-guide.html,"부가가치세 납부기한 연장 신청 방법, 신고와 납부를 나눠 처리하세요 | Savingio",부가가치세 신고 후 납부기한 연장 신청 방법,5785,False,0,[],True,[],[],완료,DONE
articles/vat-sales-omission-check-2026.html,https://savingio.com/articles/vat-sales-omission-check-2026.html,부가가치세 신고 전 매출 누락 확인 방법 | Savingio,부가가치세 신고 전 매출 누락 확인 방법,5030,False,0,[],True,[],[],완료,DONE
articles/vat-zero-sales-filing-2026.html,https://savingio.com/articles/vat-zero-sales-filing-2026.html,매출이 없어도 부가가치세 신고해야 할까? 무실적 신고 방법 | Savingio,매출이 없어도 부가가치세 신고해야 할까? 무실적 신고 방법,4903,True,0,[],True,[],[],5천자 미달,P2
articles/vehicle-inspection-reservation-guide.html,https://savingio.com/articles/vehicle-inspection-reservation-guide.html,"자동차 검사 예약·검사기간 확인 방법, 과태료 전에 준비할 순서 | 세이빙이오(Savingio)","자동차 검사 예약·검사기간 확인 방법, 과태료 전에 준비할 순서",5180,False,2,"[""/articles/vat-final-return-july-2026.html"", ""/articles/vat-zero-sales-filing.html""]",False,"[""작성·검수"", ""5초 결론"", ""30초"", ""목차"", ""right-rail""]",[],깨진 링크,P0
articles/water-bill-saving.html,https://savingio.com/articles/water-bill-saving.html,"수도요금 절약 방법, 누수 확인부터 사용량 줄이기까지 | 세이빙이오(Savingio)","수도요금 절약 방법, 누수 확인부터 사용량 줄이기까지",5552,False,1,"[""/articles/water-bill-guide.html""]",False,"[""5초 결론"", ""30초"", ""right-rail""]",[],깨진 링크,P0
articles/weekly-holiday-pay-guide.html,https://savingio.com/articles/weekly-holiday-pay-guide.html,"주휴수당 조건과 계산 방법, 내가 받을 수 있는지 확인하는 순서 | 세이빙이오(Savingio)","주휴수당 조건과 계산 방법, 내가 받을 수 있는지 확인하는 순서",3657,True,1,"[""/articles/salary-management-guide.html""]",False,"[""5초 결론"", ""30초"", ""right-rail""]",[],5천자 미달 / 깨진 링크,P0
articles/wetax-electronic-billing.html,https://savingio.com/articles/wetax-electronic-billing.html,위택스 지방세 전자고지 신청 방법 | 세이빙이오(Savingio),위택스 지방세 전자고지 신청 방법,4405,True,1,"[""/articles/local-tax-refund-claim.html""]",False,"[""5초 결론"", ""30초"", ""right-rail""]","[{""path"": ""articles/revolving-cancellation-payoff.html"", ""score"": 0.7411}, {""path"": ""articles/savings-maturity-auto-renewal.html"", ""score"": 0.7307}, {""path"": ""articles/single-parent-support-benefits.html"", ""score"": 0.748}, {""path"": ""articles/tax-credit-late-application.html"", ""score"": 0.7964}, {""path"": ""articles/travel-insurance-comparison.html"", ""score"": 0.7428}, {""path"": ""articles/unemployment-benefit-job-search.html"", ""score"": 0.7464}, {""path"": ""articles/wetax-payment-history.html"", ""score"": 0.9446}, {""path"": ""articles/yellow-umbrella-mutual-aid-guide.html"", ""score"": 0.7853}, {""path"": ""articles/youth-leap-account-contribution.html"", ""score"": 0.7756}, {""path"": ""articles/youth-savings-account-maintenance.html"", ""score"": 0.7737}, {""path"": ""articles/youth-support-programs.html"", ""score"": 0.7531}]",5천자 미달 / 중복 의심 / 깨진 링크,P0
articles/wetax-payment-history.html,https://savingio.com/articles/wetax-payment-history.html,위택스 납부내역 확인 방법 | 세이빙이오(Savingio),위택스 납부내역 확인 방법,4386,True,1,"[""/articles/small-business-policy-fund-search.html""]",False,"[""5초 결론"", ""30초"", ""right-rail""]","[{""path"": ""articles/revolving-cancellation-payoff.html"", ""score"": 0.7727}, {""path"": ""articles/savings-maturity-auto-renewal.html"", ""score"": 0.7586}, {""path"": ""articles/single-parent-support-benefits.html"", ""score"": 0.7513}, {""path"": ""articles/summer-gas-bill-hot-water-saving.html"", ""score"": 0.7131}, {""path"": ""articles/summer-water-bill-spike-check.html"", ""score"": 0.7156}, {""path"": ""articles/tax-credit-late-application.html"", ""score"": 0.7511}, {""path"": ""articles/telecom-discount-guide.html"", ""score"": 0.7263}, {""path"": ""articles/travel-insurance-comparison.html"", ""score"": 0.7739}, {""path"": ""articles/unemployment-benefit-job-search.html"", ""score"": 0.7711}, {""path"": ""articles/wetax-electronic-billing.html"", ""score"": 0.9446}, {""path"": ""articles/yellow-umbrella-mutual-aid-guide.html"", ""score"": 0.8195}, {""path"": ""articles/youth-leap-account-contribution.html"", ""score"": 0.7972}, {""path"": ""articles/youth-savings-account-maintenance.html"", ""score"": 0.7952}, {""path"": ""articles/youth-support-programs.html"", ""score"": 0.7496}]",5천자 미달 / 중복 의심 / 깨진 링크,P0
articles/yellow-umbrella-mutual-aid-guide.html,https://savingio.com/articles/yellow-umbrella-mutual-aid-guide.html,노란우산공제 가입 전 확인사항 | 세이빙이오(Savingio),노란우산공제 가입 전 확인사항,4588,True,1,"[""/articles/small-business-policy-fund-search.html""]",False,"[""5초 결론"", ""30초"", ""right-rail""]","[{""path"": ""articles/revolving-cancellation-payoff.html"", ""score"": 0.7858}, {""path"": ""articles/savings-maturity-auto-renewal.html"", ""score"": 0.7732}, {""path"": ""articles/single-parent-support-benefits.html"", ""score"": 0.7455}, {""path"": ""articles/summer-gas-bill-hot-water-saving.html"", ""score"": 0.7097}, {""path"": ""articles/summer-water-bill-spike-check.html"", ""score"": 0.7122}, {""path"": ""articles/tax-credit-late-application.html"", ""score"": 0.7382}, {""path"": ""articles/telecom-discount-guide.html"", ""score"": 0.7362}, {""path"": ""articles/travel-insurance-comparison.html"", ""score"": 0.862}, {""path"": ""articles/unemployment-benefit-job-search.html"", ""score"": 0.7747}, {""path"": ""articles/wetax-electronic-billing.html"", ""score"": 0.7853}, {""path"": ""articles/wetax-payment-history.html"", ""score"": 0.8195}, {""path"": ""articles/youth-leap-account-contribution.html"", ""score"": 0.793}, {""path"": ""articles/youth-savings-account-maintenance.html"", ""score"": 0.7916}, {""path"": ""articles/youth-support-programs.html"", ""score"": 0.7406}]",5천자 미달 / 중복 의심 / 깨진 링크,P0
articles/youth-housing-benefit-separate-payment.html,https://savingio.com/articles/youth-housing-benefit-separate-payment.html,청년 주거급여 분리지급 확인 방법 | 세이빙이오(Savingio),청년 주거급여 분리지급 확인 방법,5393,False,7,"[""/articles/energy-voucher-application-2026.html"", ""/articles/energy-voucher-application.html"", ""/articles/energy-voucher-balance-check-2026.html"", ""/articles/energy-voucher-balance-use.html"", ""/articles/energy-voucher-documents.html"", ""/articles/energy-voucher-eligibility-2026.html"", ""/articles/energy-voucher-online-application.html""]",False,"[""작성·검수"", ""5초 결론"", ""30초"", ""목차"", ""right-rail""]","[{""path"": ""articles/rental-contract-reporting-guide.html"", ""score"": 0.7388}]",중복 의심 / 깨진 링크,P0
articles/youth-leap-account-contribution.html,https://savingio.com/articles/youth-leap-account-contribution.html,청년도약계좌 정부기여금 확인법 | 세이빙이오(Savingio),청년도약계좌 정부기여금 확인법,4842,True,2,"[""/articles/energy-voucher-eligibility-2026.html"", ""/articles/summer-electricity-tier-check.html""]",False,"[""5초 결론"", ""30초"", ""right-rail""]","[{""path"": ""articles/revolving-cancellation-payoff.html"", ""score"": 0.748}, {""path"": ""articles/savings-maturity-auto-renewal.html"", ""score"": 0.8376}, {""path"": ""articles/single-parent-support-benefits.html"", ""score"": 0.8235}, {""path"": ""articles/summer-gas-bill-hot-water-saving.html"", ""score"": 0.7133}, {""path"": ""articles/summer-water-bill-spike-check.html"", ""score"": 0.7163}, {""path"": ""articles/tax-credit-late-application.html"", ""score"": 0.8143}, {""path"": ""articles/telecom-discount-guide.html"", ""score"": 0.7347}, {""path"": ""articles/travel-insurance-comparison.html"", ""score"": 0.7632}, {""path"": ""articles/unemployment-benefit-job-search.html"", ""score"": 0.7706}, {""path"": ""articles/wetax-electronic-billing.html"", ""score"": 0.7756}, {""path"": ""articles/wetax-payment-history.html"", ""score"": 0.7972}, {""path"": ""articles/yellow-umbrella-mutual-aid-guide.html"", ""score"": 0.793}, {""path"": ""articles/youth-savings-account-maintenance.html"", ""score"": 0.9011}, {""path"": ""articles/youth-support-programs.html"", ""score"": 0.8416}]",5천자 미달 / 중복 의심 / 깨진 링크,P0
articles/youth-savings-account-maintenance.html,https://savingio.com/articles/youth-savings-account-maintenance.html,청년내일저축계좌 유지 조건 | 세이빙이오(Savingio),청년내일저축계좌 유지 조건,4821,True,0,[],False,"[""5초 결론"", ""30초"", ""right-rail""]","[{""path"": ""articles/revolving-cancellation-payoff.html"", ""score"": 0.7495}, {""path"": ""articles/savings-maturity-auto-renewal.html"", ""score"": 0.7695}, {""path"": ""articles/single-parent-support-benefits.html"", ""score"": 0.8316}, {""path"": ""articles/summer-gas-bill-hot-water-saving.html"", ""score"": 0.7125}, {""path"": ""articles/summer-water-bill-spike-check.html"", ""score"": 0.7155}, {""path"": ""articles/tax-credit-late-application.html"", ""score"": 0.8156}, {""path"": ""articles/telecom-discount-guide.html"", ""score"": 0.7375}, {""path"": ""articles/travel-insurance-comparison.html"", ""score"": 0.7669}, {""path"": ""articles/unemployment-benefit-job-search.html"", ""score"": 0.7725}, {""path"": ""articles/wetax-electronic-billing.html"", ""score"": 0.7737}, {""path"": ""articles/wetax-payment-history.html"", ""score"": 0.7952}, {""path"": ""articles/yellow-umbrella-mutual-aid-guide.html"", ""score"": 0.7916}, {""path"": ""articles/youth-leap-account-contribution.html"", ""score"": 0.9011}, {""path"": ""articles/youth-support-programs.html"", ""score"": 0.8484}]",5천자 미달 / 중복 의심,P1
articles/youth-support-programs.html,https://savingio.com/articles/youth-support-programs.html,"청년 지원금 종류 한눈에 보기, 신청 전 확인할 기준 | 세이빙이오(Savingio)","청년 지원금 종류 한눈에 보기, 신청 전 확인할 기준",5016,False,0,[],False,"[""5초 결론"", ""30초"", ""right-rail""]","[{""path"": ""articles/savings-maturity-auto-renewal.html"", ""score"": 0.7172}, {""path"": ""articles/single-parent-support-benefits.html"", ""score"": 0.8655}, {""path"": ""articles/tax-credit-late-application.html"", ""score"": 0.8241}, {""path"": ""articles/travel-insurance-comparison.html"", ""score"": 0.7149}, {""path"": ""articles/unemployment-benefit-job-search.html"", ""score"": 0.7341}, {""path"": ""articles/wetax-electronic-billing.html"", ""score"": 0.7531}, {""path"": ""articles/wetax-payment-history.html"", ""score"": 0.7496}, {""path"": ""articles/yellow-umbrella-mutual-aid-guide.html"", ""score"": 0.7406}, {""path"": ""articles/youth-leap-account-contribution.html"", ""score"": 0.8416}, {""path"": ""articles/youth-savings-account-maintenance.html"", ""score"": 0.8484}]",중복 의심,P1
