source,href,normalized_path,classification,resolved_to,redirect_chain,http_status,live_final
articles/ai-side-hustles-beginner.html,/categories/side-income.html,/categories/side-income.html,LIVE_404,,[],404,https://savingio.com/categories/side-income.html
articles/ai-side-hustles-beginner.html,/articles/car-insurance-low-mileage-discount.html,/articles/car-insurance-low-mileage-discount.html,LIVE_404,,[],404,https://savingio.com/articles/car-insurance-low-mileage-discount.html
articles/ai-side-hustles-beginner.html,/articles/fuel-saving-driving-habits.html,/articles/fuel-saving-driving-habits.html,LIVE_404,,[],404,https://savingio.com/articles/fuel-saving-driving-habits.html
articles/air-conditioner-electricity-saving.html,/articles/car-insurance-low-mileage-discount.html,/articles/car-insurance-low-mileage-discount.html,LIVE_404,,[],404,https://savingio.com/articles/car-insurance-low-mileage-discount.html
articles/air-conditioner-electricity-saving.html,/articles/fuel-saving-driving-habits.html,/articles/fuel-saving-driving-habits.html,LIVE_404,,[],404,https://savingio.com/articles/fuel-saving-driving-habits.html
articles/aircon-filter-cleaning-savings.html,/articles/car-insurance-low-mileage-discount.html,/articles/car-insurance-low-mileage-discount.html,LIVE_404,,[],404,https://savingio.com/articles/car-insurance-low-mileage-discount.html
articles/aircon-filter-cleaning-savings.html,/articles/fuel-saving-driving-habits.html,/articles/fuel-saving-driving-habits.html,LIVE_404,,[],404,https://savingio.com/articles/fuel-saving-driving-habits.html
articles/apartment-leak-emergency-response.html,/categories/housing-maintenance.html,/categories/housing-maintenance.html,LIVE_404,,[],404,https://savingio.com/categories/housing-maintenance.html
articles/apartment-leak-emergency-response.html,/articles/home-insurance-coverage-check.html,/articles/home-insurance-coverage-check.html,LIVE_404,,[],404,https://savingio.com/articles/home-insurance-coverage-check.html
articles/apartment-leak-emergency-response.html,/articles/insurance-claim-documents.html,/articles/insurance-claim-documents.html,LIVE_404,,[],404,https://savingio.com/articles/insurance-claim-documents.html
articles/apartment-leak-emergency-response.html,/articles/tenant-landlord-repair-responsibility.html,/articles/tenant-landlord-repair-responsibility.html,LIVE_404,,[],404,https://savingio.com/articles/tenant-landlord-repair-responsibility.html
articles/automatic-payment-saving.html,/articles/bank-fees-to-avoid.html,/articles/bank-fees-to-avoid.html,REDIRECT_RESOLVED,articles/bank-fee-saving.html,"[""/articles/bank-fees-to-avoid.html"", ""/articles/bank-fee-saving.html""]",,
articles/bank-account-budgeting.html,/articles/bank-fees-to-avoid.html,/articles/bank-fees-to-avoid.html,REDIRECT_RESOLVED,articles/bank-fee-saving.html,"[""/articles/bank-fees-to-avoid.html"", ""/articles/bank-fee-saving.html""]",,
articles/bank-fee-saving.html,/articles/bank-fees-to-avoid.html,/articles/bank-fees-to-avoid.html,REDIRECT_RESOLVED,articles/bank-fee-saving.html,"[""/articles/bank-fees-to-avoid.html"", ""/articles/bank-fee-saving.html""]",,
articles/basic-livelihood-discounts.html,/articles/basic-livelihood-benefit-check.html,/articles/basic-livelihood-benefit-check.html,LIVE_404,,[],404,https://savingio.com/articles/basic-livelihood-benefit-check.html
articles/basic-pension-application-guide.html,/articles/basic-pension-eligibility.html,/articles/basic-pension-eligibility.html,LIVE_404,,[],404,https://savingio.com/articles/basic-pension-eligibility.html
articles/basic-pension-application-guide.html,/articles/national-pension-guide.html,/articles/national-pension-guide.html,LIVE_404,,[],404,https://savingio.com/articles/national-pension-guide.html
articles/budget-app-guide.html,/calculators/monthly-budget.html,/calculators/monthly-budget.html,LIVE_404,,[],404,https://savingio.com/calculators/monthly-budget.html
articles/business-vehicle-expense-basics.html,/articles/bank-fees-to-avoid.html,/articles/bank-fees-to-avoid.html,REDIRECT_RESOLVED,articles/bank-fee-saving.html,"[""/articles/bank-fees-to-avoid.html"", ""/articles/bank-fee-saving.html""]",,
articles/cancel-unused-subscriptions.html,/articles/bank-fees-to-avoid.html,/articles/bank-fees-to-avoid.html,REDIRECT_RESOLVED,articles/bank-fee-saving.html,"[""/articles/bank-fees-to-avoid.html"", ""/articles/bank-fee-saving.html""]",,
articles/car-aircon-fuel-saving.html,/articles/car-tire-pressure-fuel-efficiency.html,/articles/car-tire-pressure-fuel-efficiency.html,LIVE_404,,[],404,https://savingio.com/articles/car-tire-pressure-fuel-efficiency.html
articles/car-aircon-fuel-saving.html,/articles/car-insurance-low-mileage-discount.html,/articles/car-insurance-low-mileage-discount.html,LIVE_404,,[],404,https://savingio.com/articles/car-insurance-low-mileage-discount.html
articles/car-aircon-fuel-saving.html,/articles/fuel-saving-driving-habits.html,/articles/fuel-saving-driving-habits.html,LIVE_404,,[],404,https://savingio.com/articles/fuel-saving-driving-habits.html
articles/car-aircon-fuel-saving.html,/articles/bank-fees-to-avoid.html,/articles/bank-fees-to-avoid.html,REDIRECT_RESOLVED,articles/bank-fee-saving.html,"[""/articles/bank-fees-to-avoid.html"", ""/articles/bank-fee-saving.html""]",,
articles/cash-advance-vs-card-loan.html,/articles/credit-score-management.html,/articles/credit-score-management.html,REDIRECT_RESOLVED,articles/credit-score-habits.html,"[""/articles/credit-score-management.html"", ""/articles/credit-score-habits.html""]",,
articles/cash-out-card-points.html,/articles/credit-card-annual-fee-check.html,/articles/credit-card-annual-fee-check.html,LIVE_404,,[],404,https://savingio.com/articles/credit-card-annual-fee-check.html
articles/cash-out-card-points.html,/articles/dormant-account-find.html,/articles/dormant-account-find.html,LIVE_404,,[],404,https://savingio.com/articles/dormant-account-find.html
articles/check-hidden-refunds.html,/categories/refund-insurance.html,/categories/refund-insurance.html,LIVE_404,,[],404,https://savingio.com/categories/refund-insurance.html
articles/check-hidden-refunds.html,/articles/health-insurance-overpayment-refund.html,/articles/health-insurance-overpayment-refund.html,REDIRECT_RESOLVED,articles/health-insurance-refund-guide.html,"[""/articles/health-insurance-overpayment-refund.html"", ""/articles/health-insurance-refund-guide.html""]",,
articles/check-hidden-refunds.html,/articles/hidden-money-search.html,/articles/hidden-money-search.html,REDIRECT_RESOLVED,articles/check-hidden-refunds.html,"[""/articles/hidden-money-search.html"", ""/articles/check-hidden-refunds.html""]",,
articles/child-allowance-guide.html,/articles/bank-fees-to-avoid.html,/articles/bank-fees-to-avoid.html,REDIRECT_RESOLVED,articles/bank-fee-saving.html,"[""/articles/bank-fees-to-avoid.html"", ""/articles/bank-fee-saving.html""]",,
articles/child-allowance-guide.html,/categories/utility-bills.html,/categories/utility-bills.html,LIVE_404,,[],404,https://savingio.com/categories/utility-bills.html
articles/child-allowance-guide.html,/categories/insurance.html,/categories/insurance.html,LIVE_404,,[],404,https://savingio.com/categories/insurance.html
articles/child-allowance-guide.html,/categories/banking.html,/categories/banking.html,LIVE_404,,[],404,https://savingio.com/categories/banking.html
articles/child-allowance-guide.html,/categories/communication.html,/categories/communication.html,LIVE_404,,[],404,https://savingio.com/categories/communication.html
articles/child-tax-credit-status-check.html,/calculators/annual-income.html,/calculators/annual-income.html,LIVE_404,,[],404,https://savingio.com/calculators/annual-income.html
articles/child-tax-credit-status-check.html,/categories/government-benefits.html,/categories/government-benefits.html,LIVE_404,,[],404,https://savingio.com/categories/government-benefits.html
articles/child-tax-credit-status-check.html,/articles/grocery-bill-savings.html,/articles/grocery-bill-savings.html,REDIRECT_RESOLVED,articles/grocery-saving-tips.html,"[""/articles/grocery-bill-savings.html"", ""/articles/grocery-saving-tips.html""]",,
articles/child-tax-credit-status-check.html,/articles/phone-bill-saving.html,/articles/phone-bill-saving.html,REDIRECT_RESOLVED,articles/telecom-discount-guide.html,"[""/articles/phone-bill-saving.html"", ""/articles/telecom-discount-guide.html""]",,
articles/childcare-service-government-support.html,/categories/benefits.html,/categories/benefits.html,LIVE_404,,[],404,https://savingio.com/categories/benefits.html
articles/childcare-service-government-support.html,/calculators/childcare-cost.html,/calculators/childcare-cost.html,LIVE_404,,[],404,https://savingio.com/calculators/childcare-cost.html
articles/childcare-service-government-support.html,/calculators/monthly-budget.html,/calculators/monthly-budget.html,LIVE_404,,[],404,https://savingio.com/calculators/monthly-budget.html
articles/childcare-service-government-support.html,/articles/grocery-bill-savings.html,/articles/grocery-bill-savings.html,REDIRECT_RESOLVED,articles/grocery-saving-tips.html,"[""/articles/grocery-bill-savings.html"", ""/articles/grocery-saving-tips.html""]",,
articles/childcare-service-government-support.html,/categories/education-childcare.html,/categories/education-childcare.html,LIVE_404,,[],404,https://savingio.com/categories/education-childcare.html
articles/childcare-service-government-support.html,/categories/household.html,/categories/household.html,LIVE_404,,[],404,https://savingio.com/categories/household.html
articles/cma-account-types-risk.html,/articles/high-interest-savings-account.html,/articles/high-interest-savings-account.html,LIVE_404,,[],404,https://savingio.com/articles/high-interest-savings-account.html
articles/cma-account-types-risk.html,/articles/bank-deposit-protection-limit.html,/articles/bank-deposit-protection-limit.html,LIVE_404,,[],404,https://savingio.com/articles/bank-deposit-protection-limit.html
articles/cma-account-types-risk.html,/articles/financial-product-comparison-guide.html,/articles/financial-product-comparison-guide.html,LIVE_404,,[],404,https://savingio.com/articles/financial-product-comparison-guide.html
articles/cma-account-types-risk.html,/articles/bank-fees-to-avoid.html,/articles/bank-fees-to-avoid.html,REDIRECT_RESOLVED,articles/bank-fee-saving.html,"[""/articles/bank-fees-to-avoid.html"", ""/articles/bank-fee-saving.html""]",,
articles/credit-card-billing-cycle-guide.html,/articles/credit-card-interest-free-installment-guide.html,/articles/credit-card-interest-free-installment-guide.html,LIVE_404,,[],404,https://savingio.com/articles/credit-card-interest-free-installment-guide.html
articles/credit-card-billing-cycle-guide.html,/articles/credit-card-annual-fee-refund.html,/articles/credit-card-annual-fee-refund.html,LIVE_404,,[],404,https://savingio.com/articles/credit-card-annual-fee-refund.html
articles/credit-card-billing-cycle-guide.html,/articles/bank-fees-to-avoid.html,/articles/bank-fees-to-avoid.html,REDIRECT_RESOLVED,articles/bank-fee-saving.html,"[""/articles/bank-fees-to-avoid.html"", ""/articles/bank-fee-saving.html""]",,
articles/credit-score-habits.html,/articles/credit-card-limit-management.html,/articles/credit-card-limit-management.html,LIVE_404,,[],404,https://savingio.com/articles/credit-card-limit-management.html
articles/credit-score-habits.html,/articles/debt-repayment-order.html,/articles/debt-repayment-order.html,LIVE_404,,[],404,https://savingio.com/articles/debt-repayment-order.html
articles/credit-score-habits.html,/articles/card-payment-date-guide.html,/articles/card-payment-date-guide.html,LIVE_404,,[],404,https://savingio.com/articles/card-payment-date-guide.html
articles/credit-score-habits.html,/articles/credit-information-check.html,/articles/credit-information-check.html,LIVE_404,,[],404,https://savingio.com/articles/credit-information-check.html
articles/culture-nuri-card-balance.html,/categories/welfare-benefits.html,/categories/welfare-benefits.html,LIVE_404,,[],404,https://savingio.com/categories/welfare-benefits.html
articles/daily-liability-leak-insurance.html,/categories/insurance.html,/categories/insurance.html,LIVE_404,,[],404,https://savingio.com/categories/insurance.html
articles/daily-liability-leak-insurance.html,/articles/home-fire-insurance-guide.html,/articles/home-fire-insurance-guide.html,LIVE_404,,[],404,https://savingio.com/articles/home-fire-insurance-guide.html
articles/debit-card-vs-credit-card.html,/articles/credit-score-management.html,/articles/credit-score-management.html,REDIRECT_RESOLVED,articles/credit-score-habits.html,"[""/articles/credit-score-management.html"", ""/articles/credit-score-habits.html""]",,
articles/dehumidifier-electricity-saving.html,/articles/standby-power-saving.html,/articles/standby-power-saving.html,LIVE_404,,[],404,https://savingio.com/articles/standby-power-saving.html
articles/deposit-protection-limit-guide.html,/articles/credit-score-management.html,/articles/credit-score-management.html,REDIRECT_RESOLVED,articles/credit-score-habits.html,"[""/articles/credit-score-management.html"", ""/articles/credit-score-habits.html""]",,
articles/deposit-protection-limit-guide.html,/articles/bank-fees-to-avoid.html,/articles/bank-fees-to-avoid.html,REDIRECT_RESOLVED,articles/bank-fee-saving.html,"[""/articles/bank-fees-to-avoid.html"", ""/articles/bank-fee-saving.html""]",,
articles/earned-income-credit-payment.html,/articles/grocery-bill-savings.html,/articles/grocery-bill-savings.html,REDIRECT_RESOLVED,articles/grocery-saving-tips.html,"[""/articles/grocery-bill-savings.html"", ""/articles/grocery-saving-tips.html""]",,
articles/earned-income-credit-payment.html,/articles/phone-bill-saving.html,/articles/phone-bill-saving.html,REDIRECT_RESOLVED,articles/telecom-discount-guide.html,"[""/articles/phone-bill-saving.html"", ""/articles/telecom-discount-guide.html""]",,
articles/earned-income-credit-payment.html,/categories/benefits.html,/categories/benefits.html,LIVE_404,,[],404,https://savingio.com/categories/benefits.html
articles/earned-income-credit-payment.html,/categories/finance.html,/categories/finance.html,LIVE_404,,[],404,https://savingio.com/categories/finance.html
articles/earned-income-credit-payment.html,/articles/car-insurance-low-mileage-discount.html,/articles/car-insurance-low-mileage-discount.html,LIVE_404,,[],404,https://savingio.com/articles/car-insurance-low-mileage-discount.html
articles/earned-income-credit-payment.html,/articles/fuel-saving-driving-habits.html,/articles/fuel-saving-driving-habits.html,LIVE_404,,[],404,https://savingio.com/articles/fuel-saving-driving-habits.html
articles/earned-income-tax-credit-korea.html,/articles/unclaimed-refund-check.html,/articles/unclaimed-refund-check.html,LIVE_404,,[],404,https://savingio.com/articles/unclaimed-refund-check.html
articles/electricity-bill-easy-calculator-guide.html,/categories/living-cost.html,/categories/living-cost.html,LIVE_404,,[],404,https://savingio.com/categories/living-cost.html
articles/electricity-bill-saving.html,/categories/living-cost.html,/categories/living-cost.html,LIVE_404,,[],404,https://savingio.com/categories/living-cost.html
articles/electricity-bill-saving.html,/categories/utility-bills.html,/categories/utility-bills.html,LIVE_404,,[],404,https://savingio.com/categories/utility-bills.html
articles/electricity-discount-card-guide.html,/categories/electricity-utility.html,/categories/electricity-utility.html,LIVE_404,,[],404,https://savingio.com/categories/electricity-utility.html
articles/elementary-school-education-support.html,/articles/childcare-support-guide.html,/articles/childcare-support-guide.html,LIVE_404,,[],404,https://savingio.com/articles/childcare-support-guide.html
articles/elementary-school-education-support.html,/articles/elementary-after-school-care.html,/articles/elementary-after-school-care.html,LIVE_404,,[],404,https://savingio.com/articles/elementary-after-school-care.html
articles/elementary-school-education-support.html,/articles/child-care-service-guide.html,/articles/child-care-service-guide.html,LIVE_404,,[],404,https://savingio.com/articles/child-care-service-guide.html
articles/emergency-fund-guide.html,/articles/household-budget-guide.html,/articles/household-budget-guide.html,LIVE_404,,[],404,https://savingio.com/articles/household-budget-guide.html
articles/emergency-fund-guide.html,/articles/loan-interest-reduction-guide.html,/articles/loan-interest-reduction-guide.html,LIVE_404,,[],404,https://savingio.com/articles/loan-interest-reduction-guide.html
articles/emergency-fund-guide.html,/articles/credit-card-revolving-guide.html,/articles/credit-card-revolving-guide.html,LIVE_404,,[],404,https://savingio.com/articles/credit-card-revolving-guide.html
articles/emergency-fund-guide.html,/articles/debt-adjustment-guide.html,/articles/debt-adjustment-guide.html,LIVE_404,,[],404,https://savingio.com/articles/debt-adjustment-guide.html
articles/emergency-medical-support.html,/articles/health-insurance-out-of-pocket-refund.html,/articles/health-insurance-out-of-pocket-refund.html,REDIRECT_RESOLVED,articles/health-insurance-refund-guide.html,"[""/articles/health-insurance-out-of-pocket-refund.html"", ""/articles/health-insurance-refund-guide.html""]",,
articles/emergency-welfare-living-support.html,/articles/unemployment-benefit-application.html,/articles/unemployment-benefit-application.html,LIVE_404,,[],404,https://savingio.com/articles/unemployment-benefit-application.html
articles/emergency-welfare-living-support.html,/articles/utility-bill-support.html,/articles/utility-bill-support.html,LIVE_404,,[],404,https://savingio.com/articles/utility-bill-support.html
articles/fan-aircon-combination-saving.html,/categories/energy-saving.html,/categories/energy-saving.html,LIVE_404,,[],404,https://savingio.com/categories/energy-saving.html
articles/first-meeting-voucher-guide.html,/articles/pregnancy-childbirth-medical-support.html,/articles/pregnancy-childbirth-medical-support.html,LIVE_404,,[],404,https://savingio.com/articles/pregnancy-childbirth-medical-support.html
articles/first-meeting-voucher-guide.html,/articles/electricity-bill-childbirth-discount.html,/articles/electricity-bill-childbirth-discount.html,LIVE_404,,[],404,https://savingio.com/articles/electricity-bill-childbirth-discount.html
articles/first-meeting-voucher-guide.html,/articles/diaper-formula-support-guide.html,/articles/diaper-formula-support-guide.html,LIVE_404,,[],404,https://savingio.com/articles/diaper-formula-support-guide.html
articles/first-meeting-voucher-guide.html,/articles/maternity-leave-benefit.html,/articles/maternity-leave-benefit.html,LIVE_404,,[],404,https://savingio.com/articles/maternity-leave-benefit.html
articles/fixed-date-online-application.html,/articles/move-in-report-online.html,/articles/move-in-report-online.html,LIVE_404,,[],404,https://savingio.com/articles/move-in-report-online.html
articles/fixed-date-online-application.html,/articles/jeonse-deposit-protection.html,/articles/jeonse-deposit-protection.html,LIVE_404,,[],404,https://savingio.com/articles/jeonse-deposit-protection.html
articles/fixed-date-online-application.html,/articles/lease-contract-report.html,/articles/lease-contract-report.html,LIVE_404,,[],404,https://savingio.com/articles/lease-contract-report.html
articles/fixed-date-online-application.html,/articles/registry-copy-check.html,/articles/registry-copy-check.html,LIVE_404,,[],404,https://savingio.com/articles/registry-copy-check.html
articles/four-major-insurance-deduction-guide.html,/articles/salary-statement-check-guide.html,/articles/salary-statement-check-guide.html,LIVE_404,,[],404,https://savingio.com/articles/salary-statement-check-guide.html
articles/four-major-insurance-deduction-guide.html,/articles/salary-tax-deduction-guide.html,/articles/salary-tax-deduction-guide.html,LIVE_404,,[],404,https://savingio.com/articles/salary-tax-deduction-guide.html
articles/gas-bill-checklist.html,/categories/utility-bills.html,/categories/utility-bills.html,LIVE_404,,[],404,https://savingio.com/categories/utility-bills.html
articles/gas-bill-checklist.html,/articles/heating-cost-saving-guide.html,/articles/heating-cost-saving-guide.html,LIVE_404,,[],404,https://savingio.com/articles/heating-cost-saving-guide.html
articles/gas-bill-checklist.html,/articles/energy-voucher-guide.html,/articles/energy-voucher-guide.html,LIVE_404,,[],404,https://savingio.com/articles/energy-voucher-guide.html
articles/government-benefit-alert-2026.html,/articles/subsidy24-benefit-search.html,/articles/subsidy24-benefit-search.html,REDIRECT_RESOLVED,articles/government24-benefit-check.html,"[""/articles/subsidy24-benefit-search.html"", ""/articles/government24-benefit-check.html""]",,
articles/government-benefits-warning.html,/articles/subsidy24-benefit-search.html,/articles/subsidy24-benefit-search.html,REDIRECT_RESOLVED,articles/government24-benefit-check.html,"[""/articles/subsidy24-benefit-search.html"", ""/articles/government24-benefit-check.html""]",,
articles/grocery-saving-tips.html,/articles/bank-fees-to-avoid.html,/articles/bank-fees-to-avoid.html,REDIRECT_RESOLVED,articles/bank-fee-saving.html,"[""/articles/bank-fees-to-avoid.html"", ""/articles/bank-fee-saving.html""]",,
articles/health-insurance-refund-guide.html,/articles/health-insurance-overpayment-refund.html,/articles/health-insurance-overpayment-refund.html,REDIRECT_RESOLVED,articles/health-insurance-refund-guide.html,"[""/articles/health-insurance-overpayment-refund.html"", ""/articles/health-insurance-refund-guide.html""]",,
articles/health-insurance-refund-guide.html,/articles/health-insurance-out-of-pocket-refund.html,/articles/health-insurance-out-of-pocket-refund.html,REDIRECT_RESOLVED,articles/health-insurance-refund-guide.html,"[""/articles/health-insurance-out-of-pocket-refund.html"", ""/articles/health-insurance-refund-guide.html""]",,
articles/hometax-refund-status.html,/articles/income-tax-refund-check.html,/articles/income-tax-refund-check.html,LIVE_404,,[],404,https://savingio.com/articles/income-tax-refund-check.html
articles/hometax-refund-status.html,/articles/tax-refund-scam-warning.html,/articles/tax-refund-scam-warning.html,LIVE_404,,[],404,https://savingio.com/articles/tax-refund-scam-warning.html
articles/hometax-vat-sales-check.html,/calculators/vat-calculator.html,/calculators/vat-calculator.html,LIVE_404,,[],404,https://savingio.com/calculators/vat-calculator.html
articles/housing-benefit-eligibility.html,/articles/housing-benefit-application.html,/articles/housing-benefit-application.html,LIVE_404,,[],404,https://savingio.com/articles/housing-benefit-application.html
articles/housing-benefit-eligibility.html,/articles/energy-voucher-eligibility.html,/articles/energy-voucher-eligibility.html,LIVE_404,,[],404,https://savingio.com/articles/energy-voucher-eligibility.html
articles/housing-benefit-eligibility.html,/articles/rent-tax-credit-guide.html,/articles/rent-tax-credit-guide.html,LIVE_404,,[],404,https://savingio.com/articles/rent-tax-credit-guide.html
articles/housing-benefit-eligibility.html,/articles/heating-cost-support.html,/articles/heating-cost-support.html,LIVE_404,,[],404,https://savingio.com/articles/heating-cost-support.html
articles/impulse-buying-control.html,/categories/household-budget.html,/categories/household-budget.html,LIVE_404,,[],404,https://savingio.com/categories/household-budget.html
articles/income-tax-filing-missed-consequences.html,/articles/freelancer-income-tax-refund.html,/articles/freelancer-income-tax-refund.html,LIVE_404,,[],404,https://savingio.com/articles/freelancer-income-tax-refund.html
articles/insurance-auto-pay-discount.html,/categories/insurance.html,/categories/insurance.html,LIVE_404,,[],404,https://savingio.com/categories/insurance.html
articles/internet-bill-discount.html,/articles/mobile-plan-saving.html,/articles/mobile-plan-saving.html,LIVE_404,,[],404,https://savingio.com/articles/mobile-plan-saving.html
articles/internet-bill-discount.html,/articles/subscription-audit.html,/articles/subscription-audit.html,LIVE_404,,[],404,https://savingio.com/articles/subscription-audit.html
articles/internet-bill-discount.html,/articles/moving-cost-saving.html,/articles/moving-cost-saving.html,LIVE_404,,[],404,https://savingio.com/articles/moving-cost-saving.html
articles/inverter-aircon-saving-guide.html,/categories/electricity.html,/categories/electricity.html,LIVE_404,,[],404,https://savingio.com/categories/electricity.html
articles/inverter-aircon-saving-guide.html,/articles/summer-electricity-bill-guide.html,/articles/summer-electricity-bill-guide.html,LIVE_404,,[],404,https://savingio.com/articles/summer-electricity-bill-guide.html
articles/lifelong-education-voucher-application.html,/articles/national-tomorrow-learning-card-guide.html,/articles/national-tomorrow-learning-card-guide.html,LIVE_404,,[],404,https://savingio.com/articles/national-tomorrow-learning-card-guide.html
articles/lifelong-education-voucher-application.html,/articles/cultural-nuri-card-guide.html,/articles/cultural-nuri-card-guide.html,LIVE_404,,[],404,https://savingio.com/articles/cultural-nuri-card-guide.html
articles/lifelong-education-voucher-application.html,/articles/education-expense-tax-credit.html,/articles/education-expense-tax-credit.html,LIVE_404,,[],404,https://savingio.com/articles/education-expense-tax-credit.html
articles/lifelong-education-voucher-application.html,/articles/government-benefit-check-guide.html,/articles/government-benefit-check-guide.html,LIVE_404,,[],404,https://savingio.com/articles/government-benefit-check-guide.html
articles/loan-prepayment-fee-check.html,/articles/loan-interest-reduction-request.html,/articles/loan-interest-reduction-request.html,LIVE_404,,[],404,https://savingio.com/articles/loan-interest-reduction-request.html
articles/loan-prepayment-fee-check.html,/articles/credit-score-management.html,/articles/credit-score-management.html,REDIRECT_RESOLVED,articles/credit-score-habits.html,"[""/articles/credit-score-management.html"", ""/articles/credit-score-habits.html""]",,
articles/loan-prepayment-fee-check.html,/articles/household-debt-repayment-plan.html,/articles/household-debt-repayment-plan.html,LIVE_404,,[],404,https://savingio.com/articles/household-debt-repayment-plan.html
articles/loan-refinancing-check.html,/articles/loan-interest-reduction-request.html,/articles/loan-interest-reduction-request.html,LIVE_404,,[],404,https://savingio.com/articles/loan-interest-reduction-request.html
articles/loan-refinancing-check.html,/articles/credit-score-management.html,/articles/credit-score-management.html,REDIRECT_RESOLVED,articles/credit-score-habits.html,"[""/articles/credit-score-management.html"", ""/articles/credit-score-habits.html""]",,
articles/local-tax-refund-guide.html,/categories/tax-benefits.html,/categories/tax-benefits.html,LIVE_404,,[],404,https://savingio.com/categories/tax-benefits.html
articles/local-tax-refund-guide.html,/articles/health-insurance-overpayment-refund.html,/articles/health-insurance-overpayment-refund.html,REDIRECT_RESOLVED,articles/health-insurance-refund-guide.html,"[""/articles/health-insurance-overpayment-refund.html"", ""/articles/health-insurance-refund-guide.html""]",,
articles/long-term-care-insurance-application.html,/categories/insurance-health.html,/categories/insurance-health.html,LIVE_404,,[],404,https://savingio.com/categories/insurance-health.html
articles/long-term-care-insurance-application.html,/articles/health-insurance-out-of-pocket-refund.html,/articles/health-insurance-out-of-pocket-refund.html,REDIRECT_RESOLVED,articles/health-insurance-refund-guide.html,"[""/articles/health-insurance-out-of-pocket-refund.html"", ""/articles/health-insurance-refund-guide.html""]",,
articles/long-term-care-insurance-application.html,/articles/health-insurance-overpayment-refund.html,/articles/health-insurance-overpayment-refund.html,REDIRECT_RESOLVED,articles/health-insurance-refund-guide.html,"[""/articles/health-insurance-overpayment-refund.html"", ""/articles/health-insurance-refund-guide.html""]",,
articles/long-term-care-insurance-application.html,/articles/medical-expense-tax-deduction.html,/articles/medical-expense-tax-deduction.html,LIVE_404,,[],404,https://savingio.com/articles/medical-expense-tax-deduction.html
articles/medical-bill-negotiation.html,/categories/health-insurance.html,/categories/health-insurance.html,LIVE_404,,[],404,https://savingio.com/categories/health-insurance.html
articles/medical-bill-negotiation.html,/articles/health-insurance-out-of-pocket-refund.html,/articles/health-insurance-out-of-pocket-refund.html,REDIRECT_RESOLVED,articles/health-insurance-refund-guide.html,"[""/articles/health-insurance-out-of-pocket-refund.html"", ""/articles/health-insurance-refund-guide.html""]",,
articles/medical-bill-negotiation.html,/articles/health-insurance-overpayment-refund.html,/articles/health-insurance-overpayment-refund.html,REDIRECT_RESOLVED,articles/health-insurance-refund-guide.html,"[""/articles/health-insurance-overpayment-refund.html"", ""/articles/health-insurance-refund-guide.html""]",,
articles/missing-property-tax-bill.html,/articles/health-insurance-overpayment-refund.html,/articles/health-insurance-overpayment-refund.html,REDIRECT_RESOLVED,articles/health-insurance-refund-guide.html,"[""/articles/health-insurance-overpayment-refund.html"", ""/articles/health-insurance-refund-guide.html""]",,
articles/monthly-rent-tax-credit-documents.html,/articles/local-tax-refund-claim.html,/articles/local-tax-refund-claim.html,REDIRECT_RESOLVED,articles/local-tax-refund-guide.html,"[""/articles/local-tax-refund-claim.html"", ""/articles/local-tax-refund-guide.html""]",,
articles/monthly-rent-tax-credit-documents.html,/articles/irs-tax-refund-status.html,/articles/irs-tax-refund-status.html,LIVE_404,,[],404,https://savingio.com/articles/irs-tax-refund-status.html
articles/national-employment-support-eligibility.html,/articles/unemployment-benefit-eligibility.html,/articles/unemployment-benefit-eligibility.html,LIVE_404,,[],404,https://savingio.com/articles/unemployment-benefit-eligibility.html
articles/national-employment-support-eligibility.html,/articles/job-training-card-guide.html,/articles/job-training-card-guide.html,LIVE_404,,[],404,https://savingio.com/articles/job-training-card-guide.html
articles/national-employment-support-eligibility.html,/articles/national-employment-support-application.html,/articles/national-employment-support-application.html,LIVE_404,,[],404,https://savingio.com/articles/national-employment-support-application.html
articles/national-employment-support-eligibility.html,/articles/employment-success-allowance.html,/articles/employment-success-allowance.html,LIVE_404,,[],404,https://savingio.com/articles/employment-success-allowance.html
articles/national-scholarship-application.html,/categories/education-benefits.html,/categories/education-benefits.html,LIVE_404,,[],404,https://savingio.com/categories/education-benefits.html
articles/national-scholarship-application.html,/articles/youth-benefits-guide.html,/articles/youth-benefits-guide.html,LIVE_404,,[],404,https://savingio.com/articles/youth-benefits-guide.html
articles/national-scholarship-application.html,/articles/education-expense-tax-credit.html,/articles/education-expense-tax-credit.html,LIVE_404,,[],404,https://savingio.com/articles/education-expense-tax-credit.html
articles/national-tax-refund-account.html,/articles/irs-tax-refund-status.html,/articles/irs-tax-refund-status.html,LIVE_404,,[],404,https://savingio.com/articles/irs-tax-refund-status.html
articles/national-tax-refund-account.html,/articles/local-tax-refund-claim.html,/articles/local-tax-refund-claim.html,REDIRECT_RESOLVED,articles/local-tax-refund-guide.html,"[""/articles/local-tax-refund-claim.html"", ""/articles/local-tax-refund-guide.html""]",,
articles/national-tax-refund.html,/articles/earned-income-tax-credit.html,/articles/earned-income-tax-credit.html,LIVE_404,,[],404,https://savingio.com/articles/earned-income-tax-credit.html
articles/national-tax-refund.html,/articles/comprehensive-income-tax-refund.html,/articles/comprehensive-income-tax-refund.html,LIVE_404,,[],404,https://savingio.com/articles/comprehensive-income-tax-refund.html
articles/national-tax-refund.html,/articles/year-end-tax-settlement-refund.html,/articles/year-end-tax-settlement-refund.html,LIVE_404,,[],404,https://savingio.com/articles/year-end-tax-settlement-refund.html
articles/national-tax-refund.html,/articles/local-tax-refund.html,/articles/local-tax-refund.html,REDIRECT_RESOLVED,articles/local-tax-refund-guide.html,"[""/articles/local-tax-refund.html"", ""/articles/local-tax-refund-guide.html""]",,
articles/overdraft-account-guide.html,/articles/credit-score-management.html,/articles/credit-score-management.html,REDIRECT_RESOLVED,articles/credit-score-habits.html,"[""/articles/credit-score-management.html"", ""/articles/credit-score-habits.html""]",,
articles/overdraft-account-guide.html,/articles/loan-interest-reduction-request.html,/articles/loan-interest-reduction-request.html,LIVE_404,,[],404,https://savingio.com/articles/loan-interest-reduction-request.html
articles/overdraft-account-guide.html,/articles/debt-repayment-priority.html,/articles/debt-repayment-priority.html,LIVE_404,,[],404,https://savingio.com/articles/debt-repayment-priority.html
articles/overdraft-account-guide.html,/articles/loan-refinancing-guide.html,/articles/loan-refinancing-guide.html,LIVE_404,,[],404,https://savingio.com/articles/loan-refinancing-guide.html
articles/overdraft-account-guide.html,/articles/bank-fees-to-avoid.html,/articles/bank-fees-to-avoid.html,REDIRECT_RESOLVED,articles/bank-fee-saving.html,"[""/articles/bank-fees-to-avoid.html"", ""/articles/bank-fee-saving.html""]",,
articles/parental-benefit-guide.html,/articles/birth-support-benefits-guide.html,/articles/birth-support-benefits-guide.html,LIVE_404,,[],404,https://savingio.com/articles/birth-support-benefits-guide.html
articles/parental-benefit-guide.html,/articles/daycare-fee-support-guide.html,/articles/daycare-fee-support-guide.html,LIVE_404,,[],404,https://savingio.com/articles/daycare-fee-support-guide.html
articles/parking-account-rate-comparison.html,/categories/finance.html,/categories/finance.html,LIVE_404,,[],404,https://savingio.com/categories/finance.html
articles/peak-season-hotel-saving.html,/categories/travel-living.html,/categories/travel-living.html,LIVE_404,,[],404,https://savingio.com/categories/travel-living.html
articles/peak-season-hotel-saving.html,/articles/travel-budget-planning.html,/articles/travel-budget-planning.html,LIVE_404,,[],404,https://savingio.com/articles/travel-budget-planning.html
articles/peak-season-hotel-saving.html,/articles/flight-ticket-saving.html,/articles/flight-ticket-saving.html,LIVE_404,,[],404,https://savingio.com/articles/flight-ticket-saving.html
articles/peak-season-hotel-saving.html,/articles/card-overseas-payment-fee.html,/articles/card-overseas-payment-fee.html,LIVE_404,,[],404,https://savingio.com/articles/card-overseas-payment-fee.html
articles/peak-season-hotel-saving.html,/articles/travel-insurance-claim-guide.html,/articles/travel-insurance-claim-guide.html,LIVE_404,,[],404,https://savingio.com/articles/travel-insurance-claim-guide.html
articles/property-tax-joint-ownership.html,/articles/property-tax-payment-methods.html,/articles/property-tax-payment-methods.html,LIVE_404,,[],404,https://savingio.com/articles/property-tax-payment-methods.html
articles/property-tax-july-2026.html,/articles/property-tax-check-payment-guide.html,/articles/property-tax-check-payment-guide.html,LIVE_404,,[],404,https://savingio.com/articles/property-tax-check-payment-guide.html
articles/property-tax-july-2026.html,/articles/property-tax-refund-correction.html,/articles/property-tax-refund-correction.html,LIVE_404,,[],404,https://savingio.com/articles/property-tax-refund-correction.html
articles/property-tax-july-2026.html,/articles/property-tax-appeal-guide.html,/articles/property-tax-appeal-guide.html,LIVE_404,,[],404,https://savingio.com/articles/property-tax-appeal-guide.html
articles/property-tax-objection-guide.html,/articles/property-tax-payment-guide.html,/articles/property-tax-payment-guide.html,LIVE_404,,[],404,https://savingio.com/articles/property-tax-payment-guide.html
articles/property-tax-objection-guide.html,/articles/property-tax-overpayment-refund.html,/articles/property-tax-overpayment-refund.html,LIVE_404,,[],404,https://savingio.com/articles/property-tax-overpayment-refund.html
articles/property-tax-payment-certificate.html,/articles/property-tax-overpayment-refund.html,/articles/property-tax-overpayment-refund.html,LIVE_404,,[],404,https://savingio.com/articles/property-tax-overpayment-refund.html
articles/property-tax-payment-certificate.html,/articles/local-tax-payment-guide.html,/articles/local-tax-payment-guide.html,LIVE_404,,[],404,https://savingio.com/articles/local-tax-payment-guide.html
articles/refrigerator-summer-electricity-saving.html,/articles/summer-electricity-tier-check.html,/articles/summer-electricity-tier-check.html,REDIRECT_RESOLVED,articles/summer-electricity-tier-check-2026.html,"[""/articles/summer-electricity-tier-check.html"", ""/articles/summer-electricity-tier-check-2026.html""]",,
articles/refrigerator-summer-electricity-saving.html,/articles/how-to-save-electricity-bill.html,/articles/how-to-save-electricity-bill.html,REDIRECT_RESOLVED,articles/electricity-bill-saving.html,"[""/articles/how-to-save-electricity-bill.html"", ""/articles/electricity-bill-saving.html""]",,
articles/regional-development-bond-refund-guide.html,/articles/subsidy24-benefit-search.html,/articles/subsidy24-benefit-search.html,REDIRECT_RESOLVED,articles/government24-benefit-check.html,"[""/articles/subsidy24-benefit-search.html"", ""/articles/government24-benefit-check.html""]",,
articles/regional-development-bond-refund-guide.html,/articles/hidden-money-search.html,/articles/hidden-money-search.html,REDIRECT_RESOLVED,articles/check-hidden-refunds.html,"[""/articles/hidden-money-search.html"", ""/articles/check-hidden-refunds.html""]",,
articles/revolving-cancellation-payoff.html,/articles/low-income-cooling-support.html,/articles/low-income-cooling-support.html,REDIRECT_RESOLVED,articles/energy-voucher-2026-application.html,"[""/articles/low-income-cooling-support.html"", ""/articles/energy-voucher-2026-application.html""]",,
articles/revolving-cancellation-payoff.html,/articles/energy-voucher-balance-use.html,/articles/energy-voucher-balance-use.html,REDIRECT_RESOLVED,articles/energy-voucher-2026-application.html,"[""/articles/energy-voucher-balance-use.html"", ""/articles/energy-voucher-2026-application.html""]",,
articles/revolving-cancellation-payoff.html,/articles/energy-voucher-balance-check-2026.html,/articles/energy-voucher-balance-check-2026.html,REDIRECT_RESOLVED,articles/energy-voucher-2026-application.html,"[""/articles/energy-voucher-balance-check-2026.html"", ""/articles/energy-voucher-2026-application.html""]",,
articles/salary-slip-check-guide.html,/articles/salary-management-guide.html,/articles/salary-management-guide.html,REDIRECT_RESOLVED,articles/beginner-money-management.html,"[""/articles/salary-management-guide.html"", ""/articles/beginner-money-management.html""]",,
articles/salary-take-home-easy-calculator-guide.html,/articles/salary-management-guide.html,/articles/salary-management-guide.html,REDIRECT_RESOLVED,articles/beginner-money-management.html,"[""/articles/salary-management-guide.html"", ""/articles/beginner-money-management.html""]",,
articles/savings-maturity-auto-renewal.html,/articles/credit-score-management.html,/articles/credit-score-management.html,REDIRECT_RESOLVED,articles/credit-score-habits.html,"[""/articles/credit-score-management.html"", ""/articles/credit-score-habits.html""]",,
articles/savings-maturity-auto-renewal.html,/articles/energy-voucher-eligibility-2026.html,/articles/energy-voucher-eligibility-2026.html,REDIRECT_RESOLVED,articles/energy-voucher-2026-application.html,"[""/articles/energy-voucher-eligibility-2026.html"", ""/articles/energy-voucher-2026-application.html""]",,
articles/self-employed-income-tax-refund-check.html,/articles/vat-final-return-july-2026.html,/articles/vat-final-return-july-2026.html,REDIRECT_RESOLVED,articles/vat-final-return-2026-july.html,"[""/articles/vat-final-return-july-2026.html"", ""/articles/vat-final-return-2026-july.html""]",,
articles/self-employed-income-tax-refund-check.html,/articles/vat-zero-sales-filing.html,/articles/vat-zero-sales-filing.html,REDIRECT_RESOLVED,articles/vat-zero-sales-filing-2026.html,"[""/articles/vat-zero-sales-filing.html"", ""/articles/vat-zero-sales-filing-2026.html""]",,
articles/self-employed-income-tax-refund-check.html,/articles/energy-voucher-eligibility-2026.html,/articles/energy-voucher-eligibility-2026.html,REDIRECT_RESOLVED,articles/energy-voucher-2026-application.html,"[""/articles/energy-voucher-eligibility-2026.html"", ""/articles/energy-voucher-2026-application.html""]",,
articles/single-parent-support-benefits.html,/articles/energy-voucher-eligibility-2026.html,/articles/energy-voucher-eligibility-2026.html,REDIRECT_RESOLVED,articles/energy-voucher-2026-application.html,"[""/articles/energy-voucher-eligibility-2026.html"", ""/articles/energy-voucher-2026-application.html""]",,
articles/single-parent-support-benefits.html,/articles/energy-voucher-application-2026.html,/articles/energy-voucher-application-2026.html,REDIRECT_RESOLVED,articles/energy-voucher-2026-application.html,"[""/articles/energy-voucher-application-2026.html"", ""/articles/energy-voucher-2026-application.html""]",,
articles/single-parent-support-benefits.html,/articles/energy-voucher-balance-check-2026.html,/articles/energy-voucher-balance-check-2026.html,REDIRECT_RESOLVED,articles/energy-voucher-2026-application.html,"[""/articles/energy-voucher-balance-check-2026.html"", ""/articles/energy-voucher-2026-application.html""]",,
articles/single-parent-support-benefits.html,/articles/energy-voucher-application.html,/articles/energy-voucher-application.html,REDIRECT_RESOLVED,articles/energy-voucher-2026-application.html,"[""/articles/energy-voucher-application.html"", ""/articles/energy-voucher-2026-application.html""]",,
articles/single-parent-support-benefits.html,/articles/energy-voucher-online-application.html,/articles/energy-voucher-online-application.html,REDIRECT_RESOLVED,articles/energy-voucher-2026-application.html,"[""/articles/energy-voucher-online-application.html"", ""/articles/energy-voucher-2026-application.html""]",,
articles/single-parent-support-benefits.html,/articles/energy-voucher-balance-use.html,/articles/energy-voucher-balance-use.html,REDIRECT_RESOLVED,articles/energy-voucher-2026-application.html,"[""/articles/energy-voucher-balance-use.html"", ""/articles/energy-voucher-2026-application.html""]",,
articles/single-parent-support-benefits.html,/articles/energy-voucher-documents.html,/articles/energy-voucher-documents.html,REDIRECT_RESOLVED,articles/energy-voucher-2026-application.html,"[""/articles/energy-voucher-documents.html"", ""/articles/energy-voucher-2026-application.html""]",,
articles/small-business-electricity-support.html,/articles/subsidy24-benefit-search.html,/articles/subsidy24-benefit-search.html,REDIRECT_RESOLVED,articles/government24-benefit-check.html,"[""/articles/subsidy24-benefit-search.html"", ""/articles/government24-benefit-check.html""]",,
articles/small-business-policy-fund.html,/articles/small-business-loan-guide.html,/articles/small-business-loan-guide.html,LIVE_404,,[],404,https://savingio.com/articles/small-business-loan-guide.html
articles/small-business-policy-fund.html,/articles/business-credit-score-guide.html,/articles/business-credit-score-guide.html,LIVE_404,,[],404,https://savingio.com/articles/business-credit-score-guide.html
articles/small-business-policy-fund.html,/articles/business-cash-flow-guide.html,/articles/business-cash-flow-guide.html,LIVE_404,,[],404,https://savingio.com/articles/business-cash-flow-guide.html
articles/small-business-policy-fund.html,/articles/government-support-scam-warning-2026.html,/articles/government-support-scam-warning-2026.html,REDIRECT_RESOLVED,articles/benefit-scam-warning-2026.html,"[""/articles/government-support-scam-warning-2026.html"", ""/articles/benefit-scam-warning-2026.html""]",,
articles/small-business-policy-fund.html,/articles/tax-arrears-check-guide.html,/articles/tax-arrears-check-guide.html,LIVE_404,,[],404,https://savingio.com/articles/tax-arrears-check-guide.html
articles/spending-habits-change.html,/categories/household-budget.html,/categories/household-budget.html,LIVE_404,,[],404,https://savingio.com/categories/household-budget.html
articles/spending-habits-change.html,/calculators/monthly-budget.html,/calculators/monthly-budget.html,LIVE_404,,[],404,https://savingio.com/calculators/monthly-budget.html
articles/spending-habits-change.html,/calculators/savings-goal.html,/calculators/savings-goal.html,LIVE_404,,[],404,https://savingio.com/calculators/savings-goal.html
articles/summer-electricity-tier-check-2026.html,/categories/living-cost.html,/categories/living-cost.html,LIVE_404,,[],404,https://savingio.com/categories/living-cost.html
articles/summer-electricity-tier-check-2026.html,/articles/aircon-filter-cleaning-saving.html,/articles/aircon-filter-cleaning-saving.html,LIVE_404,,[],404,https://savingio.com/articles/aircon-filter-cleaning-saving.html
articles/summer-electricity-tier-check-2026.html,/articles/dehumidifier-electricity-cost.html,/articles/dehumidifier-electricity-cost.html,LIVE_404,,[],404,https://savingio.com/articles/dehumidifier-electricity-cost.html
articles/summer-electricity-tier-check-2026.html,/articles/summer-electricity-tier-check.html,/articles/summer-electricity-tier-check.html,REDIRECT_RESOLVED,articles/summer-electricity-tier-check-2026.html,"[""/articles/summer-electricity-tier-check.html"", ""/articles/summer-electricity-tier-check-2026.html""]",,
articles/summer-gas-bill-hot-water-saving.html,/articles/water-bill-guide.html,/articles/water-bill-guide.html,REDIRECT_RESOLVED,articles/water-bill-saving.html,"[""/articles/water-bill-guide.html"", ""/articles/water-bill-saving.html""]",,
articles/summer-vacation-budget-plan.html,/categories/household-budget.html,/categories/household-budget.html,LIVE_404,,[],404,https://savingio.com/categories/household-budget.html
articles/summer-water-bill-spike-check.html,/articles/water-bill-guide.html,/articles/water-bill-guide.html,REDIRECT_RESOLVED,articles/water-bill-saving.html,"[""/articles/water-bill-guide.html"", ""/articles/water-bill-saving.html""]",,
articles/tax-credit-late-application.html,/articles/subsidy24-benefit-search.html,/articles/subsidy24-benefit-search.html,REDIRECT_RESOLVED,articles/government24-benefit-check.html,"[""/articles/subsidy24-benefit-search.html"", ""/articles/government24-benefit-check.html""]",,
articles/tax-credit-late-application.html,/articles/hidden-money-search.html,/articles/hidden-money-search.html,REDIRECT_RESOLVED,articles/check-hidden-refunds.html,"[""/articles/hidden-money-search.html"", ""/articles/check-hidden-refunds.html""]",,
articles/tax-credit-late-application.html,/articles/local-tax-refund-claim.html,/articles/local-tax-refund-claim.html,REDIRECT_RESOLVED,articles/local-tax-refund-guide.html,"[""/articles/local-tax-refund-claim.html"", ""/articles/local-tax-refund-guide.html""]",,
articles/telecom-discount-guide.html,/articles/subscription-audit-checklist.html,/articles/subscription-audit-checklist.html,REDIRECT_RESOLVED,articles/cancel-unused-subscriptions.html,"[""/articles/subscription-audit-checklist.html"", ""/articles/cancel-unused-subscriptions.html""]",,
articles/telecom-discount-guide.html,/articles/subscription-cleanup.html,/articles/subscription-cleanup.html,REDIRECT_RESOLVED,articles/cancel-unused-subscriptions.html,"[""/articles/subscription-cleanup.html"", ""/articles/cancel-unused-subscriptions.html""]",,
articles/telecom-discount-guide.html,/articles/subscription-saving.html,/articles/subscription-saving.html,REDIRECT_RESOLVED,articles/cancel-unused-subscriptions.html,"[""/articles/subscription-saving.html"", ""/articles/cancel-unused-subscriptions.html""]",,
articles/telecom-discount-guide.html,/articles/how-to-lower-phone-bill.html,/articles/how-to-lower-phone-bill.html,REDIRECT_RESOLVED,articles/telecom-discount-guide.html,"[""/articles/how-to-lower-phone-bill.html"", ""/articles/telecom-discount-guide.html""]",,
articles/telecom-discount-guide.html,/articles/phone-bill-saving.html,/articles/phone-bill-saving.html,REDIRECT_RESOLVED,articles/telecom-discount-guide.html,"[""/articles/phone-bill-saving.html"", ""/articles/telecom-discount-guide.html""]",,
articles/telecom-discount-guide.html,/articles/internet-bill-savings.html,/articles/internet-bill-savings.html,REDIRECT_RESOLVED,articles/internet-bill-discount.html,"[""/articles/internet-bill-savings.html"", ""/articles/internet-bill-discount.html""]",,
articles/telecom-unclaimed-refund.html,/articles/phone-bill-saving.html,/articles/phone-bill-saving.html,REDIRECT_RESOLVED,articles/telecom-discount-guide.html,"[""/articles/phone-bill-saving.html"", ""/articles/telecom-discount-guide.html""]",,
articles/telecom-unclaimed-refund.html,/articles/subscription-audit-checklist.html,/articles/subscription-audit-checklist.html,REDIRECT_RESOLVED,articles/cancel-unused-subscriptions.html,"[""/articles/subscription-audit-checklist.html"", ""/articles/cancel-unused-subscriptions.html""]",,
articles/telecom-unclaimed-refund.html,/articles/subscription-cleanup.html,/articles/subscription-cleanup.html,REDIRECT_RESOLVED,articles/cancel-unused-subscriptions.html,"[""/articles/subscription-cleanup.html"", ""/articles/cancel-unused-subscriptions.html""]",,
articles/telecom-unclaimed-refund.html,/articles/subscription-saving.html,/articles/subscription-saving.html,REDIRECT_RESOLVED,articles/cancel-unused-subscriptions.html,"[""/articles/subscription-saving.html"", ""/articles/cancel-unused-subscriptions.html""]",,
articles/telecom-unclaimed-refund.html,/articles/how-to-lower-phone-bill.html,/articles/how-to-lower-phone-bill.html,REDIRECT_RESOLVED,articles/telecom-discount-guide.html,"[""/articles/how-to-lower-phone-bill.html"", ""/articles/telecom-discount-guide.html""]",,
articles/telecom-unclaimed-refund.html,/articles/internet-bill-savings.html,/articles/internet-bill-savings.html,REDIRECT_RESOLVED,articles/internet-bill-discount.html,"[""/articles/internet-bill-savings.html"", ""/articles/internet-bill-discount.html""]",,
articles/travel-insurance-comparison.html,/articles/low-income-cooling-support.html,/articles/low-income-cooling-support.html,REDIRECT_RESOLVED,articles/energy-voucher-2026-application.html,"[""/articles/low-income-cooling-support.html"", ""/articles/energy-voucher-2026-application.html""]",,
articles/unemployment-benefit-job-search.html,/articles/salary-management-guide.html,/articles/salary-management-guide.html,REDIRECT_RESOLVED,articles/beginner-money-management.html,"[""/articles/salary-management-guide.html"", ""/articles/beginner-money-management.html""]",,
articles/unemployment-benefit-job-search.html,/articles/salary-budget-guide.html,/articles/salary-budget-guide.html,REDIRECT_RESOLVED,articles/monthly-budget-planner.html,"[""/articles/salary-budget-guide.html"", ""/articles/monthly-budget-planner.html""]",,
articles/vehicle-inspection-reservation-guide.html,/articles/vat-final-return-july-2026.html,/articles/vat-final-return-july-2026.html,REDIRECT_RESOLVED,articles/vat-final-return-2026-july.html,"[""/articles/vat-final-return-july-2026.html"", ""/articles/vat-final-return-2026-july.html""]",,
articles/vehicle-inspection-reservation-guide.html,/articles/vat-zero-sales-filing.html,/articles/vat-zero-sales-filing.html,REDIRECT_RESOLVED,articles/vat-zero-sales-filing-2026.html,"[""/articles/vat-zero-sales-filing.html"", ""/articles/vat-zero-sales-filing-2026.html""]",,
articles/water-bill-saving.html,/articles/water-bill-guide.html,/articles/water-bill-guide.html,REDIRECT_RESOLVED,articles/water-bill-saving.html,"[""/articles/water-bill-guide.html"", ""/articles/water-bill-saving.html""]",,
articles/weekly-holiday-pay-guide.html,/articles/salary-management-guide.html,/articles/salary-management-guide.html,REDIRECT_RESOLVED,articles/beginner-money-management.html,"[""/articles/salary-management-guide.html"", ""/articles/beginner-money-management.html""]",,
articles/wetax-electronic-billing.html,/articles/local-tax-refund-claim.html,/articles/local-tax-refund-claim.html,REDIRECT_RESOLVED,articles/local-tax-refund-guide.html,"[""/articles/local-tax-refund-claim.html"", ""/articles/local-tax-refund-guide.html""]",,
articles/wetax-payment-history.html,/articles/small-business-policy-fund-search.html,/articles/small-business-policy-fund-search.html,REDIRECT_RESOLVED,articles/small-business-policy-fund.html,"[""/articles/small-business-policy-fund-search.html"", ""/articles/small-business-policy-fund.html""]",,
articles/yellow-umbrella-mutual-aid-guide.html,/articles/small-business-policy-fund-search.html,/articles/small-business-policy-fund-search.html,REDIRECT_RESOLVED,articles/small-business-policy-fund.html,"[""/articles/small-business-policy-fund-search.html"", ""/articles/small-business-policy-fund.html""]",,
articles/youth-housing-benefit-separate-payment.html,/articles/energy-voucher-eligibility-2026.html,/articles/energy-voucher-eligibility-2026.html,REDIRECT_RESOLVED,articles/energy-voucher-2026-application.html,"[""/articles/energy-voucher-eligibility-2026.html"", ""/articles/energy-voucher-2026-application.html""]",,
articles/youth-housing-benefit-separate-payment.html,/articles/energy-voucher-application-2026.html,/articles/energy-voucher-application-2026.html,REDIRECT_RESOLVED,articles/energy-voucher-2026-application.html,"[""/articles/energy-voucher-application-2026.html"", ""/articles/energy-voucher-2026-application.html""]",,
articles/youth-housing-benefit-separate-payment.html,/articles/energy-voucher-balance-check-2026.html,/articles/energy-voucher-balance-check-2026.html,REDIRECT_RESOLVED,articles/energy-voucher-2026-application.html,"[""/articles/energy-voucher-balance-check-2026.html"", ""/articles/energy-voucher-2026-application.html""]",,
articles/youth-housing-benefit-separate-payment.html,/articles/energy-voucher-application.html,/articles/energy-voucher-application.html,REDIRECT_RESOLVED,articles/energy-voucher-2026-application.html,"[""/articles/energy-voucher-application.html"", ""/articles/energy-voucher-2026-application.html""]",,
articles/youth-housing-benefit-separate-payment.html,/articles/energy-voucher-online-application.html,/articles/energy-voucher-online-application.html,REDIRECT_RESOLVED,articles/energy-voucher-2026-application.html,"[""/articles/energy-voucher-online-application.html"", ""/articles/energy-voucher-2026-application.html""]",,
articles/youth-housing-benefit-separate-payment.html,/articles/energy-voucher-balance-use.html,/articles/energy-voucher-balance-use.html,REDIRECT_RESOLVED,articles/energy-voucher-2026-application.html,"[""/articles/energy-voucher-balance-use.html"", ""/articles/energy-voucher-2026-application.html""]",,
articles/youth-housing-benefit-separate-payment.html,/articles/energy-voucher-documents.html,/articles/energy-voucher-documents.html,REDIRECT_RESOLVED,articles/energy-voucher-2026-application.html,"[""/articles/energy-voucher-documents.html"", ""/articles/energy-voucher-2026-application.html""]",,
articles/youth-leap-account-contribution.html,/articles/energy-voucher-eligibility-2026.html,/articles/energy-voucher-eligibility-2026.html,REDIRECT_RESOLVED,articles/energy-voucher-2026-application.html,"[""/articles/energy-voucher-eligibility-2026.html"", ""/articles/energy-voucher-2026-application.html""]",,
articles/youth-leap-account-contribution.html,/articles/summer-electricity-tier-check.html,/articles/summer-electricity-tier-check.html,REDIRECT_RESOLVED,articles/summer-electricity-tier-check-2026.html,"[""/articles/summer-electricity-tier-check.html"", ""/articles/summer-electricity-tier-check-2026.html""]",,
